full_name,given_name,surname,full_name_plain,given_name_plain,surname_plain,irish_flag
Maria Bailey,Maria,Bailey,MariaBailey,Maria,Bailey,1
Pat Breen,Pat,Breen,PatBreen,Pat,Breen,1
Colm Brophy,Colm,Brophy,ColmBrophy,Colm,Brophy,1
Richard Bruton,Richard,Bruton,RichardBruton,Richard,Bruton,1
Peter Burke,Peter,Burke,PeterBurke,Peter,Burke,1
Catherine Byrne,Catherine,Byrne,CatherineByrne,Catherine,Byrne,1
Ciarán Cannon,Ciarán,Cannon,CiaranCannon,Ciaran,Cannon,1
Joe Carey,Joe,Carey,JoeCarey,Joe,Carey,1
Marcella Corcoran Kennedy,Marcella,Corcoran Kennedy,MarcellaCorcoranKennedy,Marcella,CorcoranKennedy,1
Simon Coveney,Simon,Coveney,SimonCoveney,Simon,Coveney,1
Michael Creed,Michael,Creed,MichaelCreed,Michael,Creed,1
Jim Daly,Jim,Daly,JimDaly,Jim,Daly,1
Michael D'Arcy,Michael,D'Arcy,MichaelDArcy,Michael,DArcy,1
John Deasy,John,Deasy,JohnDeasy,John,Deasy,1
Pat Deering,Pat,Deering,PatDeering,Pat,Deering,1
Regina Doherty,Regina,Doherty,ReginaDoherty,Regina,Doherty,1
Paschal Donohoe,Paschal,Donohoe,PaschalDonohoe,Paschal,Donohoe,1
Andrew Doyle,Andrew,Doyle,AndrewDoyle,Andrew,Doyle,1
Bernard Durkan,Bernard,Durkan,BernardDurkan,Bernard,Durkan,1
Damien English,Damien,English,DamienEnglish,Damien,English,1
Alan Farrell,Alan,Farrell,AlanFarrell,Alan,Farrell,1
Frances Fitzgerald,Frances,Fitzgerald,FrancesFitzgerald,Frances,Fitzgerald,1
Peter Fitzpatrick,Peter,Fitzpatrick,PeterFitzpatrick,Peter,Fitzpatrick,1
Charles Flanagan,Charles,Flanagan,CharlesFlanagan,Charles,Flanagan,1
Brendan Griffin,Brendan,Griffin,BrendanGriffin,Brendan,Griffin,1
Simon Harris,Simon,Harris,SimonHarris,Simon,Harris,1
Martin Heydon,Martin,Heydon,MartinHeydon,Martin,Heydon,1
Heather Humphreys,Heather,Humphreys,HeatherHumphreys,Heather,Humphreys,1
Paul Kehoe,Paul,Kehoe,PaulKehoe,Paul,Kehoe,1
Enda Kenny,Enda,Kenny,EndaKenny,Enda,Kenny,1
Seán Kyne,Seán,Kyne,SeanKyne,Sean,Kyne,1
Josepha Madigan,Josepha,Madigan,JosephaMadigan,Josepha,Madigan,1
Helen McEntee,Helen,McEntee,HelenMcEntee,Helen,McEntee,1
Joe McHugh,Joe,McHugh,JoeMcHugh,Joe,McHugh,1
Tony McLoughlin,Tony,McLoughlin,TonyMcLoughlin,Tony,McLoughlin,1
Mary Mitchell O'Connor,Mary,Mitchell O'Connor,MaryMitchellOConnor,Mary,MitchellOConnor,1
Dara Murphy,Dara,Murphy,DaraMurphy,Dara,Murphy,1
Eoghan Murphy,Eoghan,Murphy,EoghanMurphy,Eoghan,Murphy,1
Hildegarde Naughton,Hildegarde,Naughton,HildegardeNaughton,Hildegarde,Naughton,1
Tom Neville,Tom,Neville,TomNeville,Tom,Neville,1
Michael Noonan,Michael,Noonan,MichaelNoonan,Michael,Noonan,1
Kate O'Connell,Kate,O'Connell,KateOConnell,Kate,OConnell,1
Patrick O'Donovan,Patrick,O'Donovan,PatrickODonovan,Patrick,ODonovan,1
Fergus O'Dowd,Fergus,O'Dowd,FergusODowd,Fergus,ODowd,1
John Paul Phelan,John Paul,Phelan,JohnPaulPhelan,JohnPaul,Phelan,1
Michael Ring,Michael,Ring,MichaelRing,Michael,Ring,1
Noel Rock,Noel,Rock,NoelRock,Noel,Rock,1
David Stanton,David,Stanton,DavidStanton,David,Stanton,1
Leo Varadkar,Leo,Varadkar,LeoVaradkar,Leo,Varadkar,1
Bobby Aylward,Bobby,Aylward,BobbyAylward,Bobby,Aylward,1
John Brassil,John,Brassil,JohnBrassil,John,Brassil,1
Declan Breathnach,Declan,Breathnach,DeclanBreathnach,Declan,Breathnach,1
James Browne,James,Browne,JamesBrowne,James,Browne,1
Mary Butler,Mary,Butler,MaryButler,Mary,Butler,1
Thomas Byrne,Thomas,Byrne,ThomasByrne,Thomas,Byrne,1
Jackie Cahill,Jackie,Cahill,JackieCahill,Jackie,Cahill,1
Dara Calleary,Dara,Calleary,DaraCalleary,Dara,Calleary,1
Pat Casey,Pat,Casey,PatCasey,Pat,Casey,1
Shane Cassells,Shane,Cassells,ShaneCassells,Shane,Cassells,1
Jack Chambers,Jack,Chambers,JackChambers,Jack,Chambers,1
Lisa Chambers,Lisa,Chambers,LisaChambers,Lisa,Chambers,1
Niall Collins,Niall,Collins,NiallCollins,Niall,Collins,1
Barry Cowen,Barry,Cowen,BarryCowen,Barry,Cowen,1
John Curran,John,Curran,JohnCurran,John,Curran,1
Timmy Dooley,Timmy,Dooley,TimmyDooley,Timmy,Dooley,1
Seán Fleming,Seán,Fleming,SeanFleming,Sean,Fleming,1
"Pat ""the Cope"" Gallagher",Pat,Gallagher,PatGallagher,Pat,Gallagher,1
Seán Haughey,Seán,Haughey,SeanHaughey,Sean,Haughey,1
Billy Kelleher,Billy,Kelleher,BillyKelleher,Billy,Kelleher,1
John Lahart,John,Lahart,JohnLahart,John,Lahart,1
James Lawless,James,Lawless,JamesLawless,James,Lawless,1
Marc MacSharry,Marc,MacSharry,MarcMacSharry,Marc,MacSharry,1
Micheál Martin,Micheál,Martin,MichealMartin,Micheal,Martin,1
Charlie McConalogue,Charlie,McConalogue,CharlieMcConalogue,Charlie,McConalogue,1
Michael McGrath,Michael,McGrath,MichaelMcGrath,Michael,McGrath,1
John McGuinness,John,McGuinness,JohnMcGuinness,John,McGuinness,1
Aindrias Moynihan,Aindrias,Moynihan,AindriasMoynihan,Aindrias,Moynihan,1
Michael Moynihan,Michael,Moynihan,MichaelMoynihan,Michael,Moynihan,1
Eugene Murphy,Eugene,Murphy,EugeneMurphy,Eugene,Murphy,1
Margaret Murphy O'Mahony,Margaret,Murphy O'Mahony,MargaretMurphyOMahony,Margaret,MurphyOMahony,1
Darragh O'Brien,Darragh,O'Brien,DarraghOBrien,Darragh,OBrien,1
Jim O'Callaghan,Jim,O'Callaghan,JimOCallaghan,Jim,OCallaghan,1
Éamon Ó Cuív,Éamon,Ó Cuív,EamonOCuiv,Eamon,OCuiv,1
Willie O'Dea,Willie,O'Dea,WillieODea,Willie,ODea,1
Seán Ó Fearghaíl,Seán,Ó Fearghaíl,SeanOFearghail,Sean,OFearghail,1
Kevin O'Keeffe,Kevin,O'Keeffe,KevinOKeeffe,Kevin,OKeeffe,1
Fiona O'Loughlin,Fiona,O'Loughlin,FionaOLoughlin,Fiona,OLoughlin,1
Frank O'Rourke,Frank,O'Rourke,FrankORourke,Frank,ORourke,1
Anne Rabbitte,Anne,Rabbitte,AnneRabbitte,Anne,Rabbitte,1
Eamon Scanlon,Eamon,Scanlon,EamonScanlon,Eamon,Scanlon,1
Brendan Smith,Brendan,Smith,BrendanSmith,Brendan,Smith,1
Niamh Smyth,Niamh,Smyth,NiamhSmyth,Niamh,Smyth,1
Robert Troy,Robert,Troy,RobertTroy,Robert,Troy,1
Gerry Adams,Gerry,Adams,GerryAdams,Gerry,Adams,1
John Brady,John,Brady,JohnBrady,John,Brady,1
Pat Buckley,Pat,Buckley,PatBuckley,Pat,Buckley,1
Seán Crowe,Seán,Crowe,SeanCrowe,Sean,Crowe,1
David Cullinane,David,Cullinane,DavidCullinane,David,Cullinane,1
Pearse Doherty,Pearse,Doherty,PearseDoherty,Pearse,Doherty,1
Dessie Ellis,Dessie,Ellis,DessieEllis,Dessie,Ellis,1
Martin Ferris,Martin,Ferris,MartinFerris,Martin,Ferris,1
Kathleen Funchion,Kathleen,Funchion,KathleenFunchion,Kathleen,Funchion,1
Martin Kenny,Martin,Kenny,MartinKenny,Martin,Kenny,1
Mary Lou McDonald,Mary Lou,McDonald,MaryLouMcDonald,MaryLou,McDonald,1
Denise Mitchell,Denise,Mitchell,DeniseMitchell,Denise,Mitchell,1
Imelda Munster,Imelda,Munster,ImeldaMunster,Imelda,Munster,1
Carol Nolan,Carol,Nolan,CarolNolan,Carol,Nolan,1
Caoimhghín Ó Caoláin,Caoimhghín,Ó Caoláin,CaoimhghinOCaolain,Caoimhghin,OCaolain,1
Jonathan O'Brien,Jonathan,O'Brien,JonathanOBrien,Jonathan,OBrien,1
Eoin Ó Broin,Eoin,Ó Broin,EoinOBroin,Eoin,OBroin,1
Donnchadh Ó Laoghaire,Donnchadh,Ó Laoghaire,DonnchadhOLaoghaire,Donnchadh,OLaoghaire,1
Louise O'Reilly,Louise,O'Reilly,LouiseOReilly,Louise,OReilly,1
Aengus Ó Snodaigh,Aengus,Ó Snodaigh,AengusOSnodaigh,Aengus,OSnodaigh,1
Maurice Quinlivan,Maurice,Quinlivan,MauriceQuinlivan,Maurice,Quinlivan,1
Brian Stanley,Brian,Stanley,BrianStanley,Brian,Stanley,1
Peadar Tóibín,Peadar,Tóibín,PeadarTOibin,Peadar,TOibin,1
Joan Burton,Joan,Burton,JoanBurton,Joan,Burton,1
Brendan Howlin,Brendan,Howlin,BrendanHowlin,Brendan,Howlin,1
Alan Kelly,Alan,Kelly,AlanKelly,Alan,Kelly,1
Jan O'Sullivan,Jan,O'Sullivan,JanOSullivan,Jan,OSullivan,1
Willie Penrose,Willie,Penrose,WilliePenrose,Willie,Penrose,1
Brendan Ryan,Brendan,Ryan,BrendanRyan,Brendan,Ryan,1
Seán Sherlock,Seán,Sherlock,SeanSherlock,Sean,Sherlock,1
Richard Boyd Barrett,Richard,Boyd Barrett,RichardBoydBarrett,Richard,BoydBarrett,1
Mick Barry,Mick,Barry,MickBarry,Mick,Barry,1
Ruth Coppinger,Ruth,Coppinger,RuthCoppinger,Ruth,Coppinger,1
Gino Kenny,Gino,Kenny,GinoKenny,Gino,Kenny,1
Paul Murphy,Paul,Murphy,PaulMurphy,Paul,Murphy,1
Bríd Smith,Bríd,Smith,BridSmith,Brid,Smith,1
Tommy Broughan,Tommy,Broughan,TommyBroughan,Tommy,Broughan,1
Joan Collins,Joan,Collins,JoanCollins,Joan,Collins,1
Clare Daly,Clare,Daly,ClareDaly,Clare,Daly,1
Mick Wallace,Mick,Wallace,MickWallace,Mick,Wallace,1
Stephen Donnelly,Stephen,Donnelly,StephenDonnelly,Stephen,Donnelly,1
Catherine Murphy,Catherine,Murphy,CatherineMurphy,Catherine,Murphy,1
Róisín Shortall,Róisín,Shortall,ROisinShortall,Roisin,Shortall,1
Catherine Martin,Catherine,Martin,CatherineMartin,Catherine,Martin,1
Eamon Ryan,Eamon,Ryan,EamonRyan,Eamon,Ryan,1
Seán Canney,Seán,Canney,SeanCanney,Sean,Canney,1
Séamus Healy,Séamus,Healy,SEamusHealy,Eamon,Healy,1
Michael Collins,Michael,Collins,MichaelCollins,Michael,Collins,1
Catherine Connolly,Catherine,Connolly,CatherineConnolly,Catherine,Connolly,1
Michael Fitzmaurice,Michael,Fitzmaurice,MichaelFitzmaurice,Michael,Fitzmaurice,1
Noel Grealish,Noel,Grealish,NoelGrealish,Noel,Grealish,1
John Halligan,John,Halligan,JohnHalligan,John,Halligan,1
Danny Healy-Rae,Danny,Healy-Rae,DannyHealyRae,Danny,HealyRae,1
Michael Healy-Rae,Michael,Healy-Rae,MichaelHealyRae,Michael,HealyRae,1
Michael Harty,Michael,Harty,MichaelHarty,Michael,Harty,1
Michael Lowry,Michael,Lowry,MichaelLowry,Michael,Lowry,1
Finian McGrath,Finian,McGrath,FinianMcGrath,Finian,McGrath,1
Mattie McGrath,Mattie,McGrath,MattieMcGrath,Mattie,McGrath,1
"Kevin ""Boxer"" Moran",Kevin,Boxer Moran,KevinMoran,Kevin,BoxerMoran,1
Denis Naughten,Denis,Naughten,DenisNaughten,Denis,Naughten,1
Maureen O'Sullivan,Maureen,O'Sullivan,MaureenOSullivan,Maureen,OSullivan,1
Thomas Pringle,Thomas,Pringle,ThomasPringle,Thomas,Pringle,1
Shane Ross,Shane,Ross,ShaneRoss,Shane,Ross,1
Katherine Zappone,Katherine,Zappone,KatherineZappone,Katherine,Zappone,1
Seán Barrett,Seán,Barrett,SeanBarrett,Sean,Barrett,1
Chris Andrews,Chris,Andrews,ChrisAndrews,Chris,Andrews,1
Cathal Berry,Cathal,Berry,CathalBerry,Cathal,Berry,1
Martin Browne,Martin,Browne,MartinBrowne,Martin,Browne,1
Colm Burke,Colm,Burke,ColmBurke,Colm,Burke,1
Holly Cairns,Holly,Cairns,HollyCairns,Holly,Cairns,1
Matt Carthy,Matt,Carthy,MattCarthy,Matt,Carthy,1
Sorca Clarke,Sorca,Clarke,SorcaClarke,Sorca,Clarke,1
Rose Conway-Walsh,Rose,Conway-Walsh,RoseConwayWalsh,Rose,ConwayWalsh,1
Patrick Costello,Patrick,Costello,PatrickCostello,Patrick,Costello,1
Réada Cronin,Réada,Cronin,REadaCronin,REada,Cronin,1
Cathal Crowe,Cathal,Crowe,CathalCrowe,Cathal,Crowe,1
Pa Daly,Pa,Daly,PaDaly,Pa,Daly,1
Cormac Devlin,Cormac,Devlin,CormacDevlin,Cormac,Devlin,1
Alan Dillon,Alan,Dillon,AlanDillon,Alan,Dillon,1
Paul Donnelly,Paul,Donnelly,PaulDonnelly,Paul,Donnelly,1
Francis Noel Duffy,Francis Noel,Duffy,FrancisNoelDuffy,FrancisNoel,Duffy,1
Mairéad Farrell,Mairéad,Farrell,MairEadFarrell,MairEad,Farrell,1
Frank Feighan,Frank,Feighan,FrankFeighan,Frank,Feighan,1
Joe Flaherty,Joe,Flaherty,JoeFlaherty,Joe,Flaherty,1
Norma Foley,Norma,Foley,NormaFoley,Norma,Foley,1
Gary Gannon,Gary,Gannon,GaryGannon,Gary,Gannon,1
Thomas Gould,Thomas,Gould,ThomasGould,Thomas,Gould,1
Johnny Guirke,Johnny,Guirke,JohnnyGuirke,Johnny,Guirke,1
Marian Harkin,Marian,Harkin,MarianHarkin,Marian,Harkin,1
Emer Higgins,Emer,Higgins,EmerHiggins,Emer,Higgins,1
Neasa Hourigan,Neasa,Hourigan,NeasaHourigan,Neasa,Hourigan,1
Claire Kerrane,Claire,Kerrane,ClaireKerrane,Claire,Kerrane,1
Brian Leddin,Brian,Leddin,BrianLeddin,Brian,Leddin,1
Pádraig Mac Lochlainn,Pádraig,Mac Lochlainn,PadraigMacLochlainn,Padraig,MacLochlainn,1
Jennifer Carroll MacNeill,Jennifer,Carroll MacNeill,JenniferCarrollMacNeill,Jennifer,CarrollMacNeill,1
Steven Matthews,Steven,Matthews,StevenMatthews,Steven,Matthews,1
Paul McAuliffe,Paul,McAuliffe,PaulMcAuliffe,Paul,McAuliffe,1
Michael McNamara,Michael,McNamara,MichaelMcNamara,Michael,McNamara,1
Jennifer Murnane O'Connor,Jennifer,Murnane O'Connor,JenniferMurnaneOConnor,Jennifer,MurnaneOConnor,1
Verona Murphy,Verona,Murphy,VeronaMurphy,Verona,Murphy,1
Johnny Mythen,Johnny,Mythen,JohnnyMythen,Johnny,Mythen,1
Ged Nash,Ged,Nash,GedNash,Ged,Nash,1
Malcolm Noonan,Malcolm,Noonan,MalcolmNoonan,Malcolm,Noonan,1
Joe O'Brien,Joe,O'Brien,JoeOBrien,Joe,OBrien,1
Cian O'Callaghan,Cian,O'Callaghan,CianOCallaghan,Cian,OCallaghan,1
Marc Ó Cathasaigh,Marc,Ó Cathasaigh,MarcOCathasaigh,Marc,OCathasaigh,1
James O'Connor,James,O'Connor,JamesOConnor,James,OConnor,1
Kieran O'Donnell,Kieran,O'Donnell,KieranODonnell,Kieran,ODonnell,1
Richard O'Donoghue,Richard,O'Donoghue,RichardODonoghue,Richard,ODonoghue,1
Roderic O'Gorman,Roderic,O'Gorman,RodericOGorman,Roderic,OGorman,1
Ruairí Ó Murchú,Ruairí,Ó Murchú,RuairiOMurchú,Ruairi,OMurchu,1
Aodhán Ó Ríordáin,Aodhán,Ó Ríordáin,AodhanORiordain,Aodhan,ORiordain,1
Darren O'Rourke,Darren,O'Rourke,DarrenORourke,Darren,ORourke,1
Christopher O'Sullivan,Christopher,O'Sullivan,ChristopherOSullivan,Christopher,OSullivan,1
Pádraig O'Sullivan,Pádraig,O'Sullivan,PadraigOSullivan,Padraig,OSullivan,1
Neale Richmond,Neale,Richmond,NealeRichmond,Neale,Richmond,1
Patricia Ryan,Patricia,Ryan,PatriciaRyan,Patricia,Ryan,1
Matt Shanahan,Matt,Shanahan,MattShanahan,Matt,Shanahan,1
Duncan Smith,Duncan,Smith,DuncanSmith,Duncan,Smith,1
Ossian Smyth,Ossian,Smyth,OssianSmyth,Ossian,Smyth,1
Pauline Tully,Pauline,Tully,PaulineTully,Pauline,Tully,1
Mark Ward,Mark,Ward,MarkWard,Mark,Ward,1
Jennifer Whitmore,Jennifer,Whitmore,JenniferWhitmore,Jennifer,Whitmore,1
Violet-Anne Wynne,Violet-Anne,Wynne,VioletAnneWynne,VioletAnne,Wynne,1
Richard Shelby,Richard,Shelby,RichardShelby,Richard,Shelby,0
Tommy Tuberville,Tommy,Tuberville,TommyTuberville,Tommy,Tuberville,0
Lisa Murkowski,Lisa,Murkowski,LisaMurkowski,Lisa,Murkowski,0
Daniel S. Sullivan,Daniel,Sullivan,DanielSullivan,Daniel,Sullivan,0
Mark Kelly,Mark,Kelly,MarkKelly,Mark,Kelly,0
Kyrsten Sinema,Kyrsten,Sinema,KyrstenSinema,Kyrsten,Sinema,0
John Boozman,John,Boozman,JohnBoozman,John,Boozman,0
Tom Cotton,Tom,Cotton,TomCotton,Tom,Cotton,0
Dianne Feinstein,Dianne,Feinstein,DianneFeinstein,Dianne,Feinstein,0
Alex Padilla,Alex,Padilla,AlexPadilla,Alex,Padilla,0
Michael Bennet,Michael,Bennet,MichaelBennet,Michael,Bennet,0
John Hickenlooper,John,Hickenlooper,JohnHickenlooper,John,Hickenlooper,0
Richard Blumenthal,Richard,Blumenthal,RichardBlumenthal,Richard,Blumenthal,0
Christopher S. Murphy,Christopher,Murphy,ChristopherMurphy,Christopher,Murphy,0
Tom Carper,Tom,Carper,TomCarper,Tom,Carper,0
Chris Coons,Chris,Coons,ChrisCoons,Chris,Coons,0
Marco Rubio,Marco,Rubio,MarcoRubio,Marco,Rubio,0
Rick Scott,Rick,Scott,RickScott,Rick,Scott,0
Jon Ossoff,Jon,Ossoff,JonOssoff,Jon,Ossoff,0
Raphael Warnock,Raphael,Warnock,RaphaelWarnock,Raphael,Warnock,0
Mazie K. Hirono,Mazie,Hirono,MazieKHirono,Mazie,Hirono,0
Brian E. Schatz,Brian,Schatz,BrianESchatz,Brian,Schatz,0
Mike Crapo,Mike,Crapo,MikeCrapo,Mike,Crapo,0
Jim Risch,Jim,Risch,JimRisch,Jim,Risch,0
Tammy Duckworth,Tammy,Duckworth,TammyDuckworth,Tammy,Duckworth,0
Dick Durbin,Dick,Durbin,DickDurbin,Dick,Durbin,0
Mike Braun,Mike,Braun,MikeBraun,Mike,Braun,0
Todd C. Young,Todd,Young,ToddCYoung,Todd,Young,0
Joni Ernst,Joni,Ernst,JoniErnst,Joni,Ernst,0
Chuck Grassley,Chuck,Grassley,ChuckGrassley,Chuck,Grassley,0
Roger Marshall,Roger,Marshall,RogerMarshall,Roger,Marshall,0
Jerry Moran,Jerry,Moran,JerryMoran,Jerry,Moran,0
Mitch McConnell,Mitch,McConnell,MitchMcConnell,Mitch,McConnell,0
Rand Paul,Rand,Paul,RandPaul,Rand,Paul,0
Bill Cassidy,Bill,Cassidy,BillCassidy,Bill,Cassidy,0
John Neely Kennedy,John,Neely Kennedy,JohnNeelyKennedy,John,NeelyKennedy,0
Susan Collins,Susan,Collins,SusanCollins,Susan,Collins,0
Angus King,Angus,King,AngusKing,Angus,King,0
Ben Cardin,Ben,Cardin,BenCardin,Ben,Cardin,0
Chris Van Hollen,Chris,Van Hollen,ChrisVanHollen,Chris,VanHollen,0
Edward J. Markey,Edward,Markey,EdwardJMarkey,Edward,Markey,0
Elizabeth Warren,Elizabeth,Warren,ElizabethWarren,Elizabeth,Warren,0
Gary Peters,Gary,Peters,GaryPeters,Gary,Peters,0
Debbie Stabenow,Debbie,Stabenow,DebbieStabenow,Debbie,Stabenow,0
Amy Klobuchar,Amy,Klobuchar,AmyKlobuchar,Amy,Klobuchar,0
Tina Smith,Tina,Smith,TinaSmith,Tina,Smith,0
Cindy Hyde-Smith,Cindy,Hyde-Smith,CindyHydeSmith,Cindy,HydeSmith,0
Roger Wicker,Roger,Wicker,RogerWicker,Roger,Wicker,0
Roy Blunt,Roy,Blunt,RoyBlunt,Roy,Blunt,0
Josh Hawley,Josh,Hawley,JoshHawley,Josh,Hawley,0
Steve Daines,Steve,Daines,SteveDaines,Steve,Daines,0
Jon Tester,Jon,Tester,JonTester,Jon,Tester,0
Deb Fischer,Deb,Fischer,DebFischer,Deb,Fischer,0
Ben Sasse,Ben,Sasse,BenSasse,Ben,Sasse,0
Catherine Cortez Masto,Catherine,Cortez Masto,CatherineCortezMasto,Catherine,CortezMasto,0
Jacky Rosen,Jacky,Rosen,JackyRosen,Jacky,Rosen,0
Maggie Hassan,Maggie,Hassan,MaggieHassan,Maggie,Hassan,0
Jeanne Shaheen,Jeanne,Shaheen,JeanneShaheen,Jeanne,Shaheen,0
Cory Booker,Cory,Booker,CoryBooker,Cory,Booker,0
Bob Menendez,Bob,Menendez,BobMenendez,Bob,Menendez,0
Martin Heinrich,Martin,Heinrich,MartinHeinrich,Martin,Heinrich,0
Ben Ray Luján,Ben,Luján,BenRayLujan,Ben,Lujan,0
Kirsten Gillibrand,Kirsten,Gillibrand,KirstenGillibrand,Kirsten,Gillibrand,0
Chuck Schumer,Chuck,Schumer,ChuckSchumer,Chuck,Schumer,0
Richard Burr,Richard,Burr,RichardBurr,Richard,Burr,0
Thom Tillis,Thom,Tillis,ThomTillis,Thom,Tillis,0
Kevin Cramer,Kevin,Cramer,KevinCramer,Kevin,Cramer,0
John Hoeven,John,Hoeven,JohnHoeven,John,Hoeven,0
Sherrod Brown,Sherrod,Brown,SherrodBrown,Sherrod,Brown,0
Rob Portman,Rob,Portman,RobPortman,Rob,Portman,0
Jim Inhofe,Jim,Inhofe,JimInhofe,Jim,Inhofe,0
James Lankford,James,Lankford,JamesLankford,James,Lankford,0
Jeff Merkley,Jeff,Merkley,JeffMerkley,Jeff,Merkley,0
Ron Wyden,Ron,Wyden,RonWyden,Ron,Wyden,0
Bob Casey Jr.,Bob,Casey,BobCaseyJr,Bob,Casey,0
Pat Toomey,Pat,Toomey,PatToomey,Pat,Toomey,0
Jack Reed,Jack,Reed,JackReed,Jack,Reed,0
Sheldon Whitehouse,Sheldon,Whitehouse,SheldonWhitehouse,Sheldon,Whitehouse,0
Lindsey Graham,Lindsey,Graham,LindseyGraham,Lindsey,Graham,0
Tim Scott,Tim,Scott,TimScott,Tim,Scott,0
Mike Rounds,Mike,Rounds,MikeRounds,Mike,Rounds,0
John Thune,John,Thune,JohnThune,John,Thune,0
Marsha Blackburn,Marsha,Blackburn,MarshaBlackburn,Marsha,Blackburn,0
Bill Hagerty,Bill,Hagerty,BillHagerty,Bill,Hagerty,0
John Cornyn,John,Cornyn,JohnCornyn,John,Cornyn,0
Ted Cruz,Ted,Cruz,TedCruz,Ted,Cruz,0
Mike Lee,Mike,Lee,MikeLee,Mike,Lee,0
Mitt Romney,Mitt,Romney,MittRomney,Mitt,Romney,0
Patrick Leahy,Patrick,Leahy,PatrickLeahy,Patrick,Leahy,0
Bernie Sanders,Bernie,Sanders,BernieSanders,Bernie,Sanders,0
Tim Kaine,Tim,Kaine,TimKaine,Tim,Kaine,0
Mark Warner,Mark,Warner,MarkWarner,Mark,Warner,0
Maria Cantwell,Maria,Cantwell,MariaCantwell,Maria,Cantwell,0
Patty Murray,Patty,Murray,PattyMurray,Patty,Murray,0
Shelley Moore Capito,Shelley,Moore Capito,ShelleyMooreCapito,Shelley,MooreCapito,0
Joe Manchin III,Joe,Manchin,JoeManchinIII,Joe,Manchin,0
Tammy Baldwin,Tammy,Baldwin,TammyBaldwin,Tammy,Baldwin,0
Ronald Harold Johnson,Ronald Harold,Johnson,RonaldHaroldJohnson,RonaldHarold,Johnson,0
John Barrasso,John,Barrasso,JohnBarrasso,John,Barrasso,0
Cynthia Lummis,Cynthia,Lummis,CynthiaLummis,Cynthia,Lummis,0
Zoraida Buxo Santiago,Zoraida,Buxo Santiago,ZoraidaBuxoSantiago,Zoraida,BuxoSantiago,0
Melinda Romero Donnelly,Melinda,Romero Donnelly,MelindaRomeroDonnelly,Melinda,RomeroDonnelly,0
Jerry Carl,Jerry,Carl,JerryCarl,Jerry,Carl,0
Barry Moore,Barry,Moore,BarryMoore,Barry,Moore,0
Mike Rogers,Mike,Rogers,MikeRogers,Mike,Rogers,0
Robert Aderholt,Robert,Aderholt,RobertAderholt,Robert,Aderholt,0
Mo Brooks,Mo,Brooks,MoBrooks,Mo,Brooks,0
Gary Palmer,Gary,Palmer,GaryPalmer,Gary,Palmer,0
Terri Sewell,Terri,Sewell,TerriSewell,Terri,Sewell,0
Don Young,Don,Young,DonYoung,Don,Young,0
Aumua Amata Radewagen,Aumua,Amata Radewagen,AumuaAmataRadewagen,Aumua,AmataRadewagen,0
Tom O'Halleran,Tom,O'Halleran,TomOHalleran,Tom,OHalleran,0
Ann Kirkpatrick,Ann,Kirkpatrick,AnnKirkpatrick,Ann,Kirkpatrick,0
Raul Grijalva,Raul,Grijalva,RaulGrijalva,Raul,Grijalva,0
Paul Gosar,Paul,Gosar,PaulGosar,Paul,Gosar,0
Andy Biggs,Andy,Biggs,AndyBiggs,Andy,Biggs,0
David Schweikert,David,Schweikert,DavidSchweikert,David,Schweikert,0
Ruben Gallego,Ruben,Gallego,RubenGallego,Ruben,Gallego,0
Debbie Lesko,Debbie,Lesko,DebbieLesko,Debbie,Lesko,0
Greg Stanton,Greg,Stanton,GregStanton,Greg,Stanton,0
Rick Crawford,Rick,Crawford,RickCrawford,Rick,Crawford,0
French Hill,French,Hill,FrenchHill,French,Hill,0
Steve Womack,Steve,Womack,SteveWomack,Steve,Womack,0
Bruce Westerman,Bruce,Westerman,BruceWesterman,Bruce,Westerman,0
Doug LaMalfa,Doug,LaMalfa,DougLaMalfa,Doug,LaMalfa,0
Jared Huffman,Jared,Huffman,JaredHuffman,Jared,Huffman,0
John Garamendi,John,Garamendi,JohnGaramendi,John,Garamendi,0
Tom McClintock,Tom,McClintock,TomMcClintock,Tom,McClintock,0
Mike Thompson,Mike,Thompson,MikeThompson,Mike,Thompson,0
Doris Matsui,Doris,Matsui,DorisMatsui,Doris,Matsui,0
Ami Bera,Ami,Bera,AmiBera,Ami,Bera,0
Jay Obernolte,Jay,Obernolte,JayObernolte,Jay,Obernolte,0
Jerry McNerney,Jerry,McNerney,JerryMcNerney,Jerry,McNerney,0
Josh Harder,Josh,Harder,JoshHarder,Josh,Harder,0
Mark DeSaulnier,Mark,DeSaulnier,MarkDeSaulnier,Mark,DeSaulnier,0
Nancy Pelosi,Nancy,Pelosi,NancyPelosi,Nancy,Pelosi,0
Barbara Lee,Barbara,Lee,BarbaraLee,Barbara,Lee,0
Jackie Speier,Jackie,Speier,JackieSpeier,Jackie,Speier,0
Eric Swalwell,Eric,Swalwell,EricSwalwell,Eric,Swalwell,0
Jim Costa,Jim,Costa,JimCosta,Jim,Costa,0
Ro Khanna,Ro,Khanna,RoKhanna,Ro,Khanna,0
Anna Eshoo,Anna,Eshoo,AnnaEshoo,Anna,Eshoo,0
Zoe Lofgren,Zoe,Lofgren,ZoeLofgren,Zoe,Lofgren,0
Jimmy Panetta,Jimmy,Panetta,JimmyPanetta,Jimmy,Panetta,0
David G. Valadao,David,Valadao,DavidGValadao,David,Valadao,0
Kevin McCarthy,Kevin,McCarthy,KevinMcCarthy,Kevin,McCarthy,0
Salud Carbajal,Salud,Carbajal,SaludCarbajal,Salud,Carbajal,0
Mike Garcia,Mike,Garcia,MikeGarcia,Mike,Garcia,0
Julia Brownley,Julia,Brownley,JuliaBrownley,Julia,Brownley,0
Judy Chu,Judy,Chu,JudyChu,Judy,Chu,0
Adam Schiff,Adam,Schiff,AdamSchiff,Adam,Schiff,0
Tony Cárdenas,Tony,Cárdenas,TonyCardenas,Tony,Cardenas,0
Brad Sherman,Brad,Sherman,BradSherman,Brad,Sherman,0
Pete Aguilar,Pete,Aguilar,PeteAguilar,Pete,Aguilar,0
Grace Napolitano,Grace,Napolitano,GraceNapolitano,Grace,Napolitano,0
Ted Lieu,Ted,Lieu,TedLieu,Ted,Lieu,0
Jimmy Gomez,Jimmy,Gomez,JimmyGomez,Jimmy,Gomez,0
Norma Torres,Norma,Torres,NormaTorres,Norma,Torres,0
Raul Ruiz,Raul,Ruiz,RaulRuiz,Raul,Ruiz,0
Karen Bass,Karen,Bass,KarenBass,Karen,Bass,0
Linda Sánchez,Linda,Sánchez,LindaSanchez,Linda,Sanchez,0
Young Kim,Young,Kim,YoungKim,Young,Kim,0
Lucille Roybal-Allard,Lucille,Roybal-Allard,LucilleRoybalAllard,Lucille,RoybalAllard,0
Mark Takano,Mark,Takano,MarkTakano,Mark,Takano,0
Ken Calvert,Ken,Calvert,KenCalvert,Ken,Calvert,0
Maxine Waters,Maxine,Waters,MaxineWaters,Maxine,Waters,0
Nanette Barragán,Nanette,Barragán,NanetteBarragan,Nanette,Barragan,0
Katie Porter,Katie,Porter,KatiePorter,Katie,Porter,0
Lou Correa,Lou,Correa,LouCorrea,Lou,Correa,0
Alan Lowenthal,Alan,Lowenthal,AlanLowenthal,Alan,Lowenthal,0
Michelle Steel,Michelle,Steel,MichelleSteel,Michelle,Steel,0
Mike Levin,Mike,Levin,MikeLevin,Mike,Levin,0
Darrell Issa,Darrell,Issa,DarrellIssa,Darrell,Issa,0
Juan Vargas,Juan,Vargas,JuanVargas,Juan,Vargas,0
Scott Peters,Scott,Peters,ScottPeters,Scott,Peters,0
Sara Jacobs,Sara,Jacobs,SaraJacobs,Sara,Jacobs,0
Diana DeGette,Diana,DeGette,DianaDeGette,Diana,DeGette,0
Joe Neguse,Joe,Neguse,JoeNeguse,Joe,Neguse,0
Lauren Boebert,Lauren,Boebert,LaurenBoebert,Lauren,Boebert,0
Ken Buck,Ken,Buck,KenBuck,Ken,Buck,0
Doug Lamborn,Doug,Lamborn,DougLamborn,Doug,Lamborn,0
Jason Crow,Jason,Crow,JasonCrow,Jason,Crow,0
Ed Perlmutter,Ed,Perlmutter,EdPerlmutter,Ed,Perlmutter,0
John Larson,John,Larson,JohnLarson,John,Larson,0
Joe Courtney,Joe,Courtney,JoeCourtney,Joe,Courtney,0
Rosa L. DeLauro,Rosa,DeLauro,RosaLDeLauro,Rosa,DeLauro,0
Jim Himes,Jim,Himes,JimHimes,Jim,Himes,0
Jahana Hayes,Jahana,Hayes,JahanaHayes,Jahana,Hayes,0
Lisa Blunt Rochester,Lisa,Blunt Rochester,LisaBluntRochester,Lisa,BluntRochester,0
Matt Gaetz,Matt,Gaetz,MattGaetz,Matt,Gaetz,0
Neal Dunn,Neal,Dunn,NealDunn,Neal,Dunn,0
Kat Cammack,Kat,Cammack,KatCammack,Kat,Cammack,0
John Rutherford,John,Rutherford,JohnRutherford,John,Rutherford,0
Alfred Lawson,Alfred,Lawson,AlfredLawson,Alfred,Lawson,0
Michael Waltz,Michael,Waltz,MichaelWaltz,Michael,Waltz,0
Stephanie Murphy,Stephanie,Murphy,StephanieMurphy,Stephanie,Murphy,0
Bill Posey,Bill,Posey,BillPosey,Bill,Posey,0
Darren Soto,Darren,Soto,DarrenSoto,Darren,Soto,0
Val Demings,Val,Demings,ValDemings,Val,Demings,0
Daniel Webster,Daniel,Webster,DanielWebster,Daniel,Webster,0
Gus M. Bilirakis,Gus,Bilirakis,GusMBilirakis,Gus,Bilirakis,0
Charlie Crist,Charlie,Crist,CharlieCrist,Charlie,Crist,0
Kathy Castor,Kathy,Castor,KathyCastor,Kathy,Castor,0
Scott Franklin,Scott,Franklin,ScottFranklin,Scott,Franklin,0
Vern Buchanan,Vern,Buchanan,VernBuchanan,Vern,Buchanan,0
Greg Steube,Greg,Steube,GregSteube,Greg,Steube,0
Brian Mast,Brian,Mast,BrianMast,Brian,Mast,0
Byron Donalds,Byron,Donalds,ByronDonalds,Byron,Donalds,0
Sheila Cherfilus-McCormick,Sheila,Cherfilus-McCormick,SheilaCherfilusMcCormick,Sheila,CherfilusMcCormick,0
Lois Frankel,Lois,Frankel,LoisFrankel,Lois,Frankel,0
Theodore E. Deutch,Theodore,Deutch,TheodoreEDeutch,Theodore,Deutch,0
Debbie Wasserman Schultz,Debbie,Wasserman Schultz,DebbieWassermanSchultz,Debbie,WassermanSchultz,0
Frederica S. Wilson,Frederica,Wilson,FredericaSWilson,Frederica,Wilson,0
Mario Diaz-Balart,Mario,Diaz-Balart,MarioDiazBalart,Mario,DiazBalart,0
Carlos Gimenez,Carlos,Gimenez,CarlosGimenez,Carlos,Gimenez,0
Maria Elvira Salazar,Maria,Elvira Salazar,MariaElviraSalazar,Maria,ElviraSalazar,0
Earl Carter,Earl,Carter,EarlCarter,Earl,Carter,0
Sanford Bishop Jr.,Sanford,Bishop,SanfordBishopJr,Sanford,Bishop,0
Drew Ferguson,Drew,Ferguson,DrewFerguson,Drew,Ferguson,0
Hank Johnson,Hank,Johnson,HankJohnson,Hank,Johnson,0
Nikema Williams,Nikema,Williams,NikemaWilliams,Nikema,Williams,0
Lucy McBath,Lucy,McBath,LucyMcBath,Lucy,McBath,0
Carolyn Bourdeaux,Carolyn,Bourdeaux,CarolynBourdeaux,Carolyn,Bourdeaux,0
Austin Scott,Austin,Scott,AustinScott,Austin,Scott,0
Andrew Clyde,Andrew,Clyde,AndrewClyde,Andrew,Clyde,0
Jody Hice,Jody,Hice,JodyHice,Jody,Hice,0
Barry Loudermilk,Barry,Loudermilk,BarryLoudermilk,Barry,Loudermilk,0
Rick Allen,Rick,Allen,RickAllen,Rick,Allen,0
David Scott,David,Scott,DavidScott,David,Scott,0
Marjorie Taylor Greene,Marjorie,Taylor Greene,MarjorieTaylorGreene,Marjorie,TaylorGreene,0
Michael F.Q. San Nicolas,Michael,San Nicolas,MichaelFQSanNicolas,Michael,SanNicolas,0
Ed Case,Ed,Case,EdCase,Ed,Case,0
Kaiali'i Kahele,Kaiali'i,Kahele,KaialiiKahele,Kaialii,Kahele,0
Russ Fulcher,Russ,Fulcher,RussFulcher,Russ,Fulcher,0
Michael K. Simpson,Michael,Simpson,MichaelKSimpson,Michael,Simpson,0
Bobby Rush,Bobby,Rush,BobbyRush,Bobby,Rush,0
Robin Kelly,Robin,Kelly,RobinKelly,Robin,Kelly,0
Marie Newman,Marie,Newman,MarieNewman,Marie,Newman,0
Jesus Garcia,Jesus,Garcia,JesusGarcia,Jesus,Garcia,0
Mike Quigley,Mike,Quigley,MikeQuigley,Mike,Quigley,0
Sean Casten,Sean,Casten,SeanCasten,Sean,Casten,0
Danny K. Davis,Danny,Davis,DannyKDavis,Danny,Davis,0
Raja Krishnamoorthi,Raja,Krishnamoorthi,RajaKrishnamoorthi,Raja,Krishnamoorthi,0
Jan Schakowsky,Jan,Schakowsky,JanSchakowsky,Jan,Schakowsky,0
Brad Schneider,Brad,Schneider,BradSchneider,Brad,Schneider,0
Bill Foster,Bill,Foster,BillFoster,Bill,Foster,0
Mike Bost,Mike,Bost,MikeBost,Mike,Bost,0
Rodney Davis,Rodney,Davis,RodneyDavis,Rodney,Davis,0
Lauren Underwood,Lauren,Underwood,LaurenUnderwood,Lauren,Underwood,0
Mary Miller,Mary,Miller,MaryMiller,Mary,Miller,0
Adam Kinzinger,Adam,Kinzinger,AdamKinzinger,Adam,Kinzinger,0
Cheri Bustos,Cheri,Bustos,CheriBustos,Cheri,Bustos,0
Darin LaHood,Darin,LaHood,DarinLaHood,Darin,LaHood,0
Frank Mrvan,Frank,Mrvan,FrankMrvan,Frank,Mrvan,0
Jackie Walorski,Jackie,Walorski,JackieWalorski,Jackie,Walorski,0
Jim Banks,Jim,Banks,JimBanks,Jim,Banks,0
Jim Baird,Jim,Baird,JimBaird,Jim,Baird,0
Victoria Spartz,Victoria,Spartz,VictoriaSpartz,Victoria,Spartz,0
Greg Pence,Greg,Pence,GregPence,Greg,Pence,0
André Carson,André,Carson,AndrECarson,AndrE,Carson,0
Larry Bucshon,Larry,Bucshon,LarryBucshon,Larry,Bucshon,0
Trey Hollingsworth,Trey,Hollingsworth,TreyHollingsworth,Trey,Hollingsworth,0
Ashley Hinson,Ashley,Hinson,AshleyHinson,Ashley,Hinson,0
Mariannette Miller-Meeks,Mariannette,Miller-Meeks,MariannetteMillerMeeks,Mariannette,MillerMeeks,0
Cindy Axne,Cindy,Axne,CindyAxne,Cindy,Axne,0
Randy Feenstra,Randy,Feenstra,RandyFeenstra,Randy,Feenstra,0
Tracey Mann,Tracey,Mann,TraceyMann,Tracey,Mann,0
Jacob LaTurner,Jacob,LaTurner,JacobLaTurner,Jacob,LaTurner,0
Sharice Davids,Sharice,Davids,ShariceDavids,Sharice,Davids,0
Ron Estes,Ron,Estes,RonEstes,Ron,Estes,0
James Comer Jr.,James,Comer,JamesComerJr,James,Comer,0
Brett Guthrie,Brett,Guthrie,BrettGuthrie,Brett,Guthrie,0
John A. Yarmuth,John,Yarmuth,JohnAYarmuth,John,Yarmuth,0
Thomas Massie,Thomas,Massie,ThomasMassie,Thomas,Massie,0
Hal Rogers,Hal,Rogers,HalRogers,Hal,Rogers,0
Andy Barr,Andy,Barr,AndyBarr,Andy,Barr,0
Steve Scalise,Steve,Scalise,SteveScalise,Steve,Scalise,0
Troy Carter,Troy,Carter,TroyCarter,Troy,Carter,0
Clay Higgins,Clay,Higgins,ClayHiggins,Clay,Higgins,0
Mike Johnson,Mike,Johnson,MikeJohnson,Mike,Johnson,0
Julia Letlow,Julia,Letlow,JuliaLetlow,Julia,Letlow,0
Garret Graves,Garret,Graves,GarretGraves,Garret,Graves,0
Chellie Pingree,Chellie,Pingree,ChelliePingree,Chellie,Pingree,0
Jared Golden,Jared,Golden,JaredGolden,Jared,Golden,0
Andrew Harris,Andrew,Harris,AndrewHarris,Andrew,Harris,0
Dutch Ruppersberger,Dutch,Ruppersberger,DutchRuppersberger,Dutch,Ruppersberger,0
John Sarbanes,John,Sarbanes,JohnSarbanes,John,Sarbanes,0
Anthony G. Brown,Anthony,Brown,AnthonyGBrown,Anthony,Brown,0
Steny Hoyer,Steny,Hoyer,StenyHoyer,Steny,Hoyer,0
David Trone,David,Trone,DavidTrone,David,Trone,0
Kweisi Mfume,Kweisi,Mfume,KweisiMfume,Kweisi,Mfume,0
Jamie Raskin,Jamie,Raskin,JamieRaskin,Jamie,Raskin,0
Richard Neal,Richard,Neal,RichardNeal,Richard,Neal,0
Jim McGovern,Jim,McGovern,JimMcGovern,Jim,McGovern,0
Lori Trahan,Lori,Trahan,LoriTrahan,Lori,Trahan,0
Jake Auchincloss,Jake,Auchincloss,JakeAuchincloss,Jake,Auchincloss,0
Katherine Clark,Katherine,Clark,KatherineClark,Katherine,Clark,0
Seth Moulton,Seth,Moulton,SethMoulton,Seth,Moulton,0
Ayanna Pressley,Ayanna,Pressley,AyannaPressley,Ayanna,Pressley,0
Stephen Lynch,Stephen,Lynch,StephenLynch,Stephen,Lynch,0
Bill Keating,Bill,Keating,BillKeating,Bill,Keating,0
Jack Bergman,Jack,Bergman,JackBergman,Jack,Bergman,0
Bill Huizenga,Bill,Huizenga,BillHuizenga,Bill,Huizenga,0
Peter Meijer,Peter,Meijer,PeterMeijer,Peter,Meijer,0
John Moolenaar,John,Moolenaar,JohnMoolenaar,John,Moolenaar,0
Dan Kildee,Dan,Kildee,DanKildee,Dan,Kildee,0
Fred Upton,Fred,Upton,FredUpton,Fred,Upton,0
Tim Walberg,Tim,Walberg,TimWalberg,Tim,Walberg,0
Elissa Slotkin,Elissa,Slotkin,ElissaSlotkin,Elissa,Slotkin,0
Andy Levin,Andy,Levin,AndyLevin,Andy,Levin,0
Lisa McClain,Lisa,McClain,LisaMcClain,Lisa,McClain,0
Haley Stevens,Haley,Stevens,HaleyStevens,Haley,Stevens,0
Debbie Dingell,Debbie,Dingell,DebbieDingell,Debbie,Dingell,0
Rashida Tlaib,Rashida,Tlaib,RashidaTlaib,Rashida,Tlaib,0
Brenda Lawrence,Brenda,Lawrence,BrendaLawrence,Brenda,Lawrence,0
Angie Craig,Angie,Craig,AngieCraig,Angie,Craig,0
Dean Phillips,Dean,Phillips,DeanPhillips,Dean,Phillips,0
Betty McCollum,Betty,McCollum,BettyMcCollum,Betty,McCollum,0
Ilhan Omar,Ilhan,Omar,IlhanOmar,Ilhan,Omar,0
Tom Emmer,Tom,Emmer,TomEmmer,Tom,Emmer,0
Michelle Fischbach,Michelle,Fischbach,MichelleFischbach,Michelle,Fischbach,0
Pete Stauber,Pete,Stauber,PeteStauber,Pete,Stauber,0
Trent Kelly,Trent,Kelly,TrentKelly,Trent,Kelly,0
Bennie Thompson,Bennie,Thompson,BennieThompson,Bennie,Thompson,0
Michael Guest,Michael,Guest,MichaelGuest,Michael,Guest,0
Steven Palazzo,Steven,Palazzo,StevenPalazzo,Steven,Palazzo,0
Cori Bush,Cori,Bush,CoriBush,Cori,Bush,0
Ann Wagner,Ann,Wagner,AnnWagner,Ann,Wagner,0
Blaine Luetkemeyer,Blaine,Luetkemeyer,BlaineLuetkemeyer,Blaine,Luetkemeyer,0
Vicky Hartzler,Vicky,Hartzler,VickyHartzler,Vicky,Hartzler,0
Emanuel Cleaver,Emanuel,Cleaver,EmanuelCleaver,Emanuel,Cleaver,0
Sam Graves,Sam,Graves,SamGraves,Sam,Graves,0
Billy Long,Billy,Long,BillyLong,Billy,Long,0
Jason Smith,Jason,Smith,JasonSmith,Jason,Smith,0
Matt Rosendale,Matt,Rosendale,MattRosendale,Matt,Rosendale,0
Jeffrey Fortenberry,Jeffrey,Fortenberry,JeffreyFortenberry,Jeffrey,Fortenberry,0
Don Bacon,Don,Bacon,DonBacon,Don,Bacon,0
Adrian Smith,Adrian,Smith,AdrianSmith,Adrian,Smith,0
Dina Titus,Dina,Titus,DinaTitus,Dina,Titus,0
Mark Amodei,Mark,Amodei,MarkAmodei,Mark,Amodei,0
Susie Lee,Susie,Lee,SusieLee,Susie,Lee,0
Steven Horsford,Steven,Horsford,StevenHorsford,Steven,Horsford,0
Chris Pappas,Chris,Pappas,ChrisPappas,Chris,Pappas,0
Annie Kuster,Annie,Kuster,AnnieKuster,Annie,Kuster,0
Donald Norcross,Donald,Norcross,DonaldNorcross,Donald,Norcross,0
Jeff Van Drew,Jeff,Van Drew,JeffVanDrew,Jeff,VanDrew,0
Andrew Kim,Andrew,Kim,AndrewKim,Andrew,Kim,0
Chris Smith,Chris,Smith,ChrisSmith,Chris,Smith,0
Josh Gottheimer,Josh,Gottheimer,JoshGottheimer,Josh,Gottheimer,0
Frank Pallone,Frank,Pallone,FrankPallone,Frank,Pallone,0
Tom Malinowski,Tom,Malinowski,TomMalinowski,Tom,Malinowski,0
Albio Sires,Albio,Sires,AlbioSires,Albio,Sires,0
Bill Pascrell,Bill,Pascrell,BillPascrell,Bill,Pascrell,0
Donald Payne Jr.,Donald,Payne,DonaldPayneJr,Donald,Payne,0
Mikie Sherrill,Mikie,Sherrill,MikieSherrill,Mikie,Sherrill,0
Bonnie Watson Coleman,Bonnie,Watson Coleman,BonnieWatsonColeman,Bonnie,WatsonColeman,0
Melanie Ann Stansbury,Melanie,Ann Stansbury,MelanieAnnStansbury,Melanie,AnnStansbury,0
Yvette Herrell,Yvette,Herrell,YvetteHerrell,Yvette,Herrell,0
Teresa Leger Fernandez,Teresa,Leger Fernandez,TeresaLegerFernandez,Teresa,LegerFernandez,0
Lee Zeldin,Lee,Zeldin,LeeZeldin,Lee,Zeldin,0
Andrew Garbarino,Andrew,Garbarino,AndrewGarbarino,Andrew,Garbarino,0
Tom Suozzi,Tom,Suozzi,TomSuozzi,Tom,Suozzi,0
Kathleen Rice,Kathleen,Rice,KathleenRice,Kathleen,Rice,0
Gregory W. Meeks,Gregory,Meeks,GregoryWMeeks,Gregory,Meeks,0
Grace Meng,Grace,Meng,GraceMeng,Grace,Meng,0
Nydia Velazquez,Nydia,Velazquez,NydiaVelazquez,Nydia,Velazquez,0
Hakeem Jeffries,Hakeem,Jeffries,HakeemJeffries,Hakeem,Jeffries,0
Yvette D. Clarke,Yvette,Clarke,YvetteDClarke,Yvette,Clarke,0
Jerrold Nadler,Jerrold,Nadler,JerroldNadler,Jerrold,Nadler,0
Nicole Malliotakis,Nicole,Malliotakis,NicoleMalliotakis,Nicole,Malliotakis,0
Carolyn B. Maloney,Carolyn,Maloney,CarolynBMaloney,Carolyn,Maloney,0
Adriano Espaillat,Adriano,Espaillat,AdrianoEspaillat,Adriano,Espaillat,0
Alexandria Ocasio-Cortez,Alexandria,Ocasio-Cortez,AlexandriaOcasioCortez,Alexandria,OcasioCortez,0
Ritchie Torres,Ritchie,Torres,RitchieTorres,Ritchie,Torres,0
Jamaal Bowman,Jamaal,Bowman,JamaalBowman,Jamaal,Bowman,0
Mondaire Jones,Mondaire,Jones,MondaireJones,Mondaire,Jones,0
Sean Maloney,Sean,Maloney,SeanMaloney,Sean,Maloney,0
Antonio Delgado,Antonio,Delgado,AntonioDelgado,Antonio,Delgado,0
Paul Tonko,Paul,Tonko,PaulTonko,Paul,Tonko,0
Elise Stefanik,Elise,Stefanik,EliseStefanik,Elise,Stefanik,0
Claudia Tenney,Claudia,Tenney,ClaudiaTenney,Claudia,Tenney,0
Tom Reed,Tom,Reed,TomReed,Tom,Reed,0
John Katko,John,Katko,JohnKatko,John,Katko,0
Joseph Morelle,Joseph,Morelle,JosephMorelle,Joseph,Morelle,0
Brian Higgins,Brian,Higgins,BrianHiggins,Brian,Higgins,0
Christopher Jacobs,Christopher,Jacobs,ChristopherJacobs,Christopher,Jacobs,0
Eleanor Holmes Norton,Eleanor,Holmes Norton,EleanorHolmesNorton,Eleanor,HolmesNorton,0
G.K. Butterfield,G.K.,Butterfield,GKButterfield,GK,Butterfield,0
Deborah Ross,Deborah,Ross,DeborahRoss,Deborah,Ross,0
Gregory Murphy,Gregory,Murphy,GregoryMurphy,Gregory,Murphy,0
David Price,David,Price,DavidPrice,David,Price,0
Virginia Foxx,Virginia,Foxx,VirginiaFoxx,Virginia,Foxx,0
Kathy Manning,Kathy,Manning,KathyManning,Kathy,Manning,0
David Rouzer,David,Rouzer,DavidRouzer,David,Rouzer,0
Richard Hudson,Richard,Hudson,RichardHudson,Richard,Hudson,0
Dan Bishop,Dan,Bishop,DanBishop,Dan,Bishop,0
Patrick T. McHenry,Patrick,McHenry,PatrickTMcHenry,Patrick,McHenry,0
Madison Cawthorn,Madison,Cawthorn,MadisonCawthorn,Madison,Cawthorn,0
Alma Adams,Alma,Adams,AlmaAdams,Alma,Adams,0
Ted Budd,Ted,Budd,TedBudd,Ted,Budd,0
Kelly Armstrong,Kelly,Armstrong,KellyArmstrong,Kelly,Armstrong,0
Gregorio Kilili Camacho Sablan,Gregorio,Kilili Camacho Sablan,GregorioKililiCamachoSablan,Gregorio,KililiCamachoSablan,0
Steve Chabot,Steve,Chabot,SteveChabot,Steve,Chabot,0
Brad Wenstrup,Brad,Wenstrup,BradWenstrup,Brad,Wenstrup,0
Joyce Beatty,Joyce,Beatty,JoyceBeatty,Joyce,Beatty,0
Jim Jordan,Jim,Jordan,JimJordan,Jim,Jordan,0
Bob Latta,Bob,Latta,BobLatta,Bob,Latta,0
Bill Johnson,Bill,Johnson,BillJohnson,Bill,Johnson,0
Bob Gibbs,Bob,Gibbs,BobGibbs,Bob,Gibbs,0
Warren Davidson,Warren,Davidson,WarrenDavidson,Warren,Davidson,0
Marcy Kaptur,Marcy,Kaptur,MarcyKaptur,Marcy,Kaptur,0
Michael Turner,Michael,Turner,MichaelTurner,Michael,Turner,0
Shontel Brown,Shontel,Brown,ShontelBrown,Shontel,Brown,0
Troy Balderson,Troy,Balderson,TroyBalderson,Troy,Balderson,0
Tim Ryan,Tim,Ryan,TimRyan,Tim,Ryan,0
David Joyce,David,Joyce,DavidJoyce,David,Joyce,0
Mike Carey,Mike,Carey,MikeCarey,Mike,Carey,0
Anthony Gonzalez,Anthony,Gonzalez,AnthonyGonzalez,Anthony,Gonzalez,0
Kevin Hern,Kevin,Hern,KevinHern,Kevin,Hern,0
Markwayne Mullin,Markwayne,Mullin,MarkwayneMullin,Markwayne,Mullin,0
Frank Lucas,Frank,Lucas,FrankLucas,Frank,Lucas,0
Tom Cole,Tom,Cole,TomCole,Tom,Cole,0
Stephanie Bice,Stephanie,Bice,StephanieBice,Stephanie,Bice,0
Suzanne Bonamici,Suzanne,Bonamici,SuzanneBonamici,Suzanne,Bonamici,0
Cliff Bentz,Cliff,Bentz,CliffBentz,Cliff,Bentz,0
Earl Blumenauer,Earl,Blumenauer,EarlBlumenauer,Earl,Blumenauer,0
Peter DeFazio,Peter,DeFazio,PeterDeFazio,Peter,DeFazio,0
Kurt Schrader,Kurt,Schrader,KurtSchrader,Kurt,Schrader,0
Brian Fitzpatrick,Brian,Fitzpatrick,BrianFitzpatrick,Brian,Fitzpatrick,0
Brendan Boyle,Brendan,Boyle,BrendanBoyle,Brendan,Boyle,0
Dwight Evans,Dwight,Evans,DwightEvans,Dwight,Evans,0
Madeleine Dean,Madeleine,Dean,MadeleineDean,Madeleine,Dean,0
Mary Gay Scanlon,Mary Gay,Scanlon,MaryGayScanlon,MaryGay,Scanlon,0
Chrissy Houlahan,Chrissy,Houlahan,ChrissyHoulahan,Chrissy,Houlahan,0
Susan Wild,Susan,Wild,SusanWild,Susan,Wild,0
Matt Cartwright,Matt,Cartwright,MattCartwright,Matt,Cartwright,0
Dan Meuser,Dan,Meuser,DanMeuser,Dan,Meuser,0
Scott Perry,Scott,Perry,ScottPerry,Scott,Perry,0
Lloyd Smucker,Lloyd,Smucker,LloydSmucker,Lloyd,Smucker,0
Fred Keller,Fred,Keller,FredKeller,Fred,Keller,0
John Joyce,John,Joyce,JohnJoyce,John,Joyce,0
Guy Reschenthaler,Guy,Reschenthaler,GuyReschenthaler,Guy,Reschenthaler,0
Glenn Thompson,Glenn,Thompson,GlennThompson,Glenn,Thompson,0
Mike Kelly,Mike,Kelly,MikeKelly,Mike,Kelly,0
Conor Lamb,Conor,Lamb,ConorLamb,Conor,Lamb,0
Michael Doyle,Michael,Doyle,MichaelDoyle,Michael,Doyle,0
Jenniffer González-Colón,Jenniffer,González-Colón,JennifferGonzalezColOn,Jenniffer,GonzalezColOn,0
David N. Cicilline,David,Cicilline,DavidNCicilline,David,Cicilline,0
Jim Langevin,Jim,Langevin,JimLangevin,Jim,Langevin,0
Nancy Mace,Nancy,Mace,NancyMace,Nancy,Mace,0
Joe Wilson,Joe,Wilson,JoeWilson,Joe,Wilson,0
Jeff Duncan,Jeff,Duncan,JeffDuncan,Jeff,Duncan,0
William Timmons,William,Timmons,WilliamTimmons,William,Timmons,0
Ralph Norman,Ralph,Norman,RalphNorman,Ralph,Norman,0
James Clyburn,James,Clyburn,JamesClyburn,James,Clyburn,0
Tom Rice,Tom,Rice,TomRice,Tom,Rice,0
Dusty Johnson,Dusty,Johnson,DustyJohnson,Dusty,Johnson,0
Diana Harshbarger,Diana,Harshbarger,DianaHarshbarger,Diana,Harshbarger,0
Tim Burchett,Tim,Burchett,TimBurchett,Tim,Burchett,0
Charles J. Fleischmann,Charles,Fleischmann,CharlesJFleischmann,Charles,Fleischmann,0
Scott DesJarlais,Scott,DesJarlais,ScottDesJarlais,Scott,DesJarlais,0
Jim Cooper,Jim,Cooper,JimCooper,Jim,Cooper,0
John Rose,John,Rose,JohnRose,John,Rose,0
Mark Green,Mark,Green,MarkGreen,Mark,Green,0
David Kustoff,David,Kustoff,DavidKustoff,David,Kustoff,0
Steve Cohen,Steve,Cohen,SteveCohen,Steve,Cohen,0
Louis B. Gohmert Jr.,Louis,Gohmert,LouisBGohmertJr,Louis,Gohmert,0
Daniel Crenshaw,Daniel,Crenshaw,DanielCrenshaw,Daniel,Crenshaw,0
Van Taylor,Van,Taylor,VanTaylor,Van,Taylor,0
Pat Fallon,Pat,Fallon,PatFallon,Pat,Fallon,0
Lance Gooden,Lance,Gooden,LanceGooden,Lance,Gooden,0
Jake Ellzey,Jake,Ellzey,JakeEllzey,Jake,Ellzey,0
Lizzie Pannill Fletcher,Lizzie,Pannill Fletcher,LizziePannillFletcher,Lizzie,PannillFletcher,0
Kevin Brady,Kevin,Brady,KevinBrady,Kevin,Brady,0
Al Green,Al,Green,AlGreen,Al,Green,0
Michael McCaul,Michael,McCaul,MichaelMcCaul,Michael,McCaul,0
August Pfluger,August,Pfluger,AugustPfluger,August,Pfluger,0
Kay Granger,Kay,Granger,KayGranger,Kay,Granger,0
Ronny L. Jackson,Ronny,Jackson,RonnyLJackson,Ronny,Jackson,0
Randy Weber,Randy,Weber,RandyWeber,Randy,Weber,0
Vicente Gonzalez Jr.,Vicente,Gonzalez,VicenteGonzalezJr,Vicente,Gonzalez,0
Veronica Escobar,Veronica,Escobar,VeronicaEscobar,Veronica,Escobar,0
Pete Sessions,Pete,Sessions,PeteSessions,Pete,Sessions,0
Sheila Jackson Lee,Sheila,Jackson Lee,SheilaJacksonLee,Sheila,JacksonLee,0
Jodey Arrington,Jodey,Arrington,JodeyArrington,Jodey,Arrington,0
Joaquin Castro,Joaquin,Castro,JoaquinCastro,Joaquin,Castro,0
Chip Roy,Chip,Roy,ChipRoy,Chip,Roy,0
Troy Nehls,Troy,Nehls,TroyNehls,Troy,Nehls,0
Tony Gonzales,Tony,Gonzales,TonyGonzales,Tony,Gonzales,0
Beth Van Duyne,Beth,Van Duyne,BethVanDuyne,Beth,VanDuyne,0
Roger Williams,Roger,Williams,RogerWilliams,Roger,Williams,0
Michael C. Burgess,Michael,Burgess,MichaelCBurgess,Michael,Burgess,0
Michael Cloud,Michael,Cloud,MichaelCloud,Michael,Cloud,0
Henry Cuellar,Henry,Cuellar,HenryCuellar,Henry,Cuellar,0
Sylvia Garcia,Sylvia,Garcia,SylviaGarcia,Sylvia,Garcia,0
Eddie Bernice Johnson,Eddie,Bernice Johnson,EddieBerniceJohnson,Eddie,BerniceJohnson,0
John Carter,John,Carter,JohnCarter,John,Carter,0
Colin Allred,Colin,Allred,ColinAllred,Colin,Allred,0
Marc Veasey,Marc,Veasey,MarcVeasey,Marc,Veasey,0
Filemon Vela,Filemon,Vela,FilemonVela,Filemon,Vela,0
Lloyd Doggett,Lloyd,Doggett,LloydDoggett,Lloyd,Doggett,0
Brian Babin,Brian,Babin,BrianBabin,Brian,Babin,0
Blake Moore,Blake,Moore,BlakeMoore,Blake,Moore,0
Chris Stewart,Chris,Stewart,ChrisStewart,Chris,Stewart,0
John Curtis,John,Curtis,JohnCurtis,John,Curtis,0
Burgess Owens,Burgess,Owens,BurgessOwens,Burgess,Owens,0
Peter Welch,Peter,Welch,PeterWelch,Peter,Welch,0
Stacey Plaskett,Stacey,Plaskett,StaceyPlaskett,Stacey,Plaskett,0
Robert J. Wittman,Robert,Wittman,RobertJWittman,Robert,Wittman,0
Elaine Luria,Elaine,Luria,ElaineLuria,Elaine,Luria,0
Robert C. Scott,Robert,Scott,RobertCScott,Robert,Scott,0
Aston Donald McEachin,Aston,Donald McEachin,AstonDonaldMcEachin,Aston,DonaldMcEachin,0
Bob Good,Bob,Good,BobGood,Bob,Good,0
Benjamin Lee Cline,Benjamin,Lee Cline,BenjaminLeeCline,Benjamin,LeeCline,0
Abigail Spanberger,Abigail,Spanberger,AbigailSpanberger,Abigail,Spanberger,0
Donald Sternoff Beyer Jr.,Donald,Sternoff Beyer,DonaldSternoffBeyerJr,Donald,SternoffBeyer,0
H. Morgan Griffith,H.,Morgan Griffith,HMorganGriffith,H,MorganGriffith,0
Jennifer Wexton,Jennifer,Wexton,JenniferWexton,Jennifer,Wexton,0
Gerald Edward Connolly,Gerald,Edward Connolly,GeraldEdwardConnolly,Gerald,EdwardConnolly,0
Suzan DelBene,Suzan,DelBene,SuzanDelBene,Suzan,DelBene,0
Rick Larsen,Rick,Larsen,RickLarsen,Rick,Larsen,0
Jaime Herrera Beutler,Jaime,Herrera Beutler,JaimeHerreraBeutler,Jaime,HerreraBeutler,0
Dan Newhouse,Dan,Newhouse,DanNewhouse,Dan,Newhouse,0
Cathy McMorris Rodgers,Cathy,McMorris Rodgers,CathyMcMorrisRodgers,Cathy,McMorrisRodgers,0
Derek Kilmer,Derek,Kilmer,DerekKilmer,Derek,Kilmer,0
Pramila Jayapal,Pramila,Jayapal,PramilaJayapal,Pramila,Jayapal,0
Kim Schrier,Kim,Schrier,KimSchrier,Kim,Schrier,0
D. Adam Smith,D.,Adam Smith,DAdamSmith,D,AdamSmith,0
Marilyn Strickland,Marilyn,Strickland,MarilynStrickland,Marilyn,Strickland,0
David McKinley,David,McKinley,DavidMcKinley,David,McKinley,0
Alexander Mooney,Alexander,Mooney,AlexanderMooney,Alexander,Mooney,0
Carol Miller,Carol,Miller,CarolMiller,Carol,Miller,0
Bryan Steil,Bryan,Steil,BryanSteil,Bryan,Steil,0
Mark Pocan,Mark,Pocan,MarkPocan,Mark,Pocan,0
Ronald James Kind,Ronald,James Kind,RonaldJamesKind,Ronald,JamesKind,0
Gwen Moore,Gwen,Moore,GwenMoore,Gwen,Moore,0
Scott Fitzgerald,Scott,Fitzgerald,ScottFitzgerald,Scott,Fitzgerald,0
Glenn Grothman,Glenn,Grothman,GlennGrothman,Glenn,Grothman,0
Tom Tiffany,Tom,Tiffany,TomTiffany,Tom,Tiffany,0
Mike Gallagher,Mike,Gallagher,MikeGallagher,Mike,Gallagher,0
Liz Cheney,Liz,Cheney,LizCheney,Liz,Cheney,0
Roberto Lefranc Fortuño,Roberto,Lefranc Fortuño,RobertoLefrancFortuño,Roberto,LefrancFortuno,0
María Meléndez Altieri,María,Meléndez Altieri,MariaMelEndezAltieri,Maria,MelendezAltieri,0
Ricardo Rosselló,Ricardo,Rosselló,RicardoRossellO,Ricardo,RossellO,0
Elizabeth Torres Rodriguez,Elizabeth,Torres Rodriguez,ElizabethTorresRodriguez,Elizabeth,TorresRodriguez,0
Narendra Modi,Narendra,Modi,NarendraModi,Narendra,Modi,0
Rajiv Ranjan,Rajiv,Ranjan,RajivRanjan,Rajiv,Ranjan,0
Pashupati Kumar Paras,Pashupati,Kumar Paras,PashupatiKumarParas,Pashupati,KumarParas,0
Anupriya Patel,Anupriya,Patel,AnupriyaPatel,Anupriya,Patel,0
Preneet Kaur,Preneet,Kaur,PreneetKaur,Preneet,Kaur,0
Chirag Paswan,Chirag,Paswan,ChiragPaswan,Chirag,Paswan,0
Agatha Sangma,Agatha,Sangma,AgathaSangma,Agatha,Sangma,0
Adhir Ranjan Chowdhury,Adhir,Ranjan Chowdhury,AdhirRanjanChowdhury,Adhir,RanjanChowdhury,0
Supriya Sule,Supriya,Sule,SupriyaSule,Supriya,Sule,0
Farooq Abdullah,Farooq,Abdullah,FarooqAbdullah,Farooq,Abdullah,0
Vijay Hansdak,Vijay,Hansdak,VijayHansdak,Vijay,Hansdak,0
Premchandran,Premchandran,,Premchandran,Premchandran,,0
Sudip Bandyopadhyay,Sudip,Bandyopadhyay,SudipBandyopadhyay,Sudip,Bandyopadhyay,0
Midhun Reddy,Midhun,Reddy,MidhunReddy,Midhun,Reddy,0
Vinayak Raut,Vinayak,Raut,VinayakRaut,Vinayak,Raut,0
Pinaki Misra,Pinaki,Misra,PinakiMisra,Pinaki,Misra,0
Ritesh Pandey,Ritesh,Pandey,RiteshPandey,Ritesh,Pandey,0
Nageswara Rao,Nageswara,Rao,NageswaraRao,Nageswara,Rao,0
Mulayam Yadav,Mulayam,Yadav,MulayamYadav,Mulayam,Yadav,0
Harsimrat Kaur Badal,Harsimrat Kaur,Badal,HarsimratKaurBadal,HarsimratKaur,Badal,0
Prajwal Revanna,Prajwal,Revanna,PrajwalRevanna,Prajwal,Revanna,0
Bhagwant Mann,Bhagwant,Mann,BhagwantMann,Bhagwant,Mann,0
Badruddin Ajmal,Badruddin,Ajmal,BadruddinAjmal,Badruddin,Ajmal,0
Piyush Goyal,Piyush,Goyal,PiyushGoyal,Piyush,Goyal,0
Prasanna Acharya,Prasanna,Acharya,PrasannaAcharya,Prasanna,Acharya,0
Navaneethakrishnan,Navaneethakrishnan,,Navaneethakrishnan,Navaneethakrishnan,,0
Hishey Lachungpa,Hishey,Lachungpa,HisheyLachungpa,Hishey,Lachungpa,0
Ramdas Athawale,Ramdas,Athawale,RamdasAthawale,Ramdas,Athawale,0
Derek O'Brien,Derek,O'Brien,DerekOBrien,Derek,OBrien,0
Tiruchi Siva,Tiruchi,Siva,TiruchiSiva,Tiruchi,Siva,0
Elamaram Kareem,Elamaram,Kareem,ElamaramKareem,Elamaram,Kareem,0
Ram Gopal Yadav,Ram,Gopal Yadav,RamGopalYadav,Ram,GopalYadav,0
Sharad Pawar,Sharad,Pawar,SharadPawar,Sharad,Pawar,0
Sanjay Raut,Sanjay,Raut,SanjayRaut,Sanjay,Raut,0
Sanjay Singh,Sanjay,Singh,SanjaySingh,Sanjay,Singh,0
Satish Mishra,Satish,Mishra,SatishMishra,Satish,Mishra,0
Binoy Viswam,Binoy,Viswam,BinoyViswam,Binoy,Viswam,0
Jose K. Mani,Jose,Mani,JoseKMani,Jose,Mani,0
Abdul Wahab,Abdul,Wahab,AbdulWahab,Abdul,Wahab,0
Shibu Soren,Shibu,Soren,ShibuSoren,Shibu,Soren,0
Shreyams Kumar,Shreyams,Kumar,ShreyamsKumar,Shreyams,Kumar,0
Ajit Kumar Bhuyan,Ajit Kumar,Bhuyan,AjitKumarBhuyan,AjitKumar,Bhuyan,0
Aaron Bell,Aaron,Bell,AaronBell,Aaron,Bell,0
Abena Oppong-Asare,Abena,Oppong-Asare,AbenaOppongAsare,Abena,OppongAsare,0
Adam Afriyie,Adam,Afriyie,AdamAfriyie,Adam,Afriyie,0
Adam Holloway,Adam,Holloway,AdamHolloway,Adam,Holloway,0
Afzal Khan,Afzal,Khan,AfzalKhan,Afzal,Khan,0
Alan Brown,Alan,Brown,AlanBrown,Alan,Brown,0
Alan Campbell,Alan,Campbell,AlanCampbell,Alan,Campbell,0
Alan Mak,Alan,Mak,AlanMak,Alan,Mak,0
Alan Whitehead,Alan,Whitehead,AlanWhitehead,Alan,Whitehead,0
Alberto Costa,Alberto,Costa,AlbertoCosta,Alberto,Costa,0
Alec Shelbrooke,Alec,Shelbrooke,AlecShelbrooke,Alec,Shelbrooke,0
Alex Burghart,Alex,Burghart,AlexBurghart,Alex,Burghart,0
Alex Chalk,Alex,Chalk,AlexChalk,Alex,Chalk,0
Alex Cunningham,Alex,Cunningham,AlexCunningham,Alex,Cunningham,0
Alex Davies-Jones,Alex,Davies-Jones,AlexDaviesJones,Alex,DaviesJones,0
Alex Norris,Alex,Norris,AlexNorris,Alex,Norris,0
Alex Sobel,Alex,Sobel,AlexSobel,Alex,Sobel,0
Alexander Stafford,Alexander,Stafford,AlexanderStafford,Alexander,Stafford,0
Alicia Kearns,Alicia,Kearns,AliciaKearns,Alicia,Kearns,0
Alison McGovern,Alison,McGovern,AlisonMcGovern,Alison,McGovern,0
Alison Thewliss,Alison,Thewliss,AlisonThewliss,Alison,Thewliss,0
Alistair Carmichael,Alistair,Carmichael,AlistairCarmichael,Alistair,Carmichael,0
Alister Jack,Alister,Jack,AlisterJack,Alister,Jack,0
Allan Dorans,Allan,Dorans,AllanDorans,Allan,Dorans,0
Alok Sharma,Alok,Sharma,AlokSharma,Alok,Sharma,0
Alun Cairns,Alun,Cairns,AlunCairns,Alun,Cairns,0
Alyn Smith,Alyn,Smith,AlynSmith,Alyn,Smith,0
Amanda Milling,Amanda,Milling,AmandaMilling,Amanda,Milling,0
Amanda Solloway,Amanda,Solloway,AmandaSolloway,Amanda,Solloway,0
Amy Callaghan,Amy,Callaghan,AmyCallaghan,Amy,Callaghan,0
Andrea Jenkyns,Andrea,Jenkyns,AndreaJenkyns,Andrea,Jenkyns,0
Andrea Leadsom,Andrea,Leadsom,AndreaLeadsom,Andrea,Leadsom,0
Andrew Bowie,Andrew,Bowie,AndrewBowie,Andrew,Bowie,0
Andrew Bridgen,Andrew,Bridgen,AndrewBridgen,Andrew,Bridgen,0
Andrew Griffith,Andrew,Griffith,AndrewGriffith,Andrew,Griffith,0
Andrew Gwynne,Andrew,Gwynne,AndrewGwynne,Andrew,Gwynne,0
Andrew Jones,Andrew,Jones,AndrewJones,Andrew,Jones,0
Andrew Lewer,Andrew,Lewer,AndrewLewer,Andrew,Lewer,0
Andrew Mitchell,Andrew,Mitchell,AndrewMitchell,Andrew,Mitchell,0
Andrew Murrison,Andrew,Murrison,AndrewMurrison,Andrew,Murrison,0
Andrew Percy,Andrew,Percy,AndrewPercy,Andrew,Percy,0
Andrew Rosindell,Andrew,Rosindell,AndrewRosindell,Andrew,Rosindell,0
Andrew Selous,Andrew,Selous,AndrewSelous,Andrew,Selous,0
Andrew Stephenson,Andrew,Stephenson,AndrewStephenson,Andrew,Stephenson,0
Andy Carter,Andy,Carter,AndyCarter,Andy,Carter,0
Andy McDonald,Andy,McDonald,AndyMcDonald,Andy,McDonald,0
Andy Slaughter,Andy,Slaughter,AndySlaughter,Andy,Slaughter,0
Angela Crawley,Angela,Crawley,AngelaCrawley,Angela,Crawley,0
Angela Eagle,Angela,Eagle,AngelaEagle,Angela,Eagle,0
Angela Rayner,Angela,Rayner,AngelaRayner,Angela,Rayner,0
Angela Richardson,Angela,Richardson,AngelaRichardson,Angela,Richardson,0
Angus MacNeil,Angus,MacNeil,AngusMacNeil,Angus,MacNeil,0
Anna Firth,Anna,Firth,AnnaFirth,Anna,Firth,0
Anna McMorrin,Anna,McMorrin,AnnaMcMorrin,Anna,McMorrin,0
Anne Marie Morris,Anne Marie,Morris,AnneMarieMorris,AnneMarie,Morris,0
Anne McLaughlin,Anne,McLaughlin,AnneMcLaughlin,Anne,McLaughlin,0
Anneliese Dodds,Anneliese,Dodds,AnnelieseDodds,Anneliese,Dodds,0
Anne-Marie Trevelyan,Anne-Marie,Trevelyan,AnneMarieTrevelyan,AnneMarie,Trevelyan,0
Anthony Browne,Anthony,Browne,AnthonyBrowne,Anthony,Browne,0
Anthony Mangnall,Anthony,Mangnall,AnthonyMangnall,Anthony,Mangnall,0
Antony Higginbotham,Antony,Higginbotham,AntonyHigginbotham,Antony,Higginbotham,0
Anum Qaisar,Anum,Qaisar,AnumQaisar,Anum,Qaisar,0
Apsana Begum,Apsana,Begum,ApsanaBegum,Apsana,Begum,0
Bambos Charalambous,Bambos,Charalambous,BambosCharalambous,Bambos,Charalambous,0
Barbara Keeley,Barbara,Keeley,BarbaraKeeley,Barbara,Keeley,0
Barry Gardiner,Barry,Gardiner,BarryGardiner,Barry,Gardiner,0
Barry Sheerman,Barry,Sheerman,BarrySheerman,Barry,Sheerman,0
Bell Ribeiro-Addy,Bell,Ribeiro-Addy,BellRibeiroAddy,Bell,RibeiroAddy,0
Ben Bradley,Ben,Bradley,BenBradley,Ben,Bradley,0
Ben Bradshaw,Ben,Bradshaw,BenBradshaw,Ben,Bradshaw,0
Ben Everitt,Ben,Everitt,BenEveritt,Ben,Everitt,0
Ben Lake,Ben,Lake,BenLake,Ben,Lake,0
Ben Spencer,Ben,Spencer,BenSpencer,Ben,Spencer,0
Ben Wallace,Ben,Wallace,BenWallace,Ben,Wallace,0
Bernard Jenkin,Bernard,Jenkin,BernardJenkin,Bernard,Jenkin,0
Beth Winter,Beth,Winter,BethWinter,Beth,Winter,0
Bill Cash,Bill,Cash,BillCash,Bill,Cash,0
Bill Esterson,Bill,Esterson,BillEsterson,Bill,Esterson,0
Bill Wiggin,Bill,Wiggin,BillWiggin,Bill,Wiggin,0
Bim Afolami,Bim,Afolami,BimAfolami,Bim,Afolami,0
Bob Blackman,Bob,Blackman,BobBlackman,Bob,Blackman,0
Bob Neill,Bob,Neill,BobNeill,Bob,Neill,0
Bob Seely,Bob,Seely,BobSeely,Bob,Seely,0
Bob Stewart,Bob,Stewart,BobStewart,Bob,Stewart,0
Boris Johnson,Boris,Johnson,BorisJohnson,Boris,Johnson,0
Brandon Lewis,Brandon,Lewis,BrandonLewis,Brandon,Lewis,0
Brendan Clarke-Smith,Brendan,Clarke-Smith,BrendanClarkeSmith,Brendan,ClarkeSmith,0
Brendan O'Hara,Brendan,O'Hara,BrendanOHara,Brendan,OHara,0
Bridget Phillipson,Bridget,Phillipson,BridgetPhillipson,Bridget,Phillipson,0
Carla Lockhart,Carla,Lockhart,CarlaLockhart,Carla,Lockhart,0
Carol Monaghan,Carol,Monaghan,CarolMonaghan,Carol,Monaghan,0
Caroline Ansell,Caroline,Ansell,CarolineAnsell,Caroline,Ansell,0
Caroline Dinenage,Caroline,Dinenage,CarolineDinenage,Caroline,Dinenage,0
Caroline Johnson,Caroline,Johnson,CarolineJohnson,Caroline,Johnson,0
Caroline Lucas,Caroline,Lucas,CarolineLucas,Caroline,Lucas,0
Caroline Nokes,Caroline,Nokes,CarolineNokes,Caroline,Nokes,0
Carolyn Harris,Carolyn,Harris,CarolynHarris,Carolyn,Harris,0
Cat Smith,Cat,Smith,CatSmith,Cat,Smith,0
Catherine McKinnell,Catherine,McKinnell,CatherineMcKinnell,Catherine,McKinnell,0
Catherine West,Catherine,West,CatherineWest,Catherine,West,0
Charles Walker,Charles,Walker,CharlesWalker,Charles,Walker,0
Charlotte Nichols,Charlotte,Nichols,CharlotteNichols,Charlotte,Nichols,0
Cherilyn Mackrory,Cherilyn,Mackrory,CherilynMackrory,Cherilyn,Mackrory,0
Cheryl Gillan,Cheryl,Gillan,CherylGillan,Cheryl,Gillan,0
Chi Onwurah,Chi,Onwurah,ChiOnwurah,Chi,Onwurah,0
Chloe Smith,Chloe,Smith,ChloeSmith,Chloe,Smith,0
Chris Bryant,Chris,Bryant,ChrisBryant,Chris,Bryant,0
Chris Clarkson,Chris,Clarkson,ChrisClarkson,Chris,Clarkson,0
Chris Evans,Chris,Evans,ChrisEvans,Chris,Evans,0
Chris Grayling,Chris,Grayling,ChrisGrayling,Chris,Grayling,0
Chris Green,Chris,Green,ChrisGreen,Chris,Green,0
Chris Hazzard,Chris,Hazzard,ChrisHazzard,Chris,Hazzard,0
Chris Heaton-Harris,Chris,Heaton-Harris,ChrisHeatonHarris,Chris,HeatonHarris,0
Chris Law,Chris,Law,ChrisLaw,Chris,Law,0
Chris Loder,Chris,Loder,ChrisLoder,Chris,Loder,0
Chris Matheson,Chris,Matheson,ChrisMatheson,Chris,Matheson,0
Chris Philp,Chris,Philp,ChrisPhilp,Chris,Philp,0
Chris Skidmore,Chris,Skidmore,ChrisSkidmore,Chris,Skidmore,0
Chris Stephens,Chris,Stephens,ChrisStephens,Chris,Stephens,0
Christian Wakeford,Christian,Wakeford,ChristianWakeford,Christian,Wakeford,0
Christina Rees,Christina,Rees,ChristinaRees,Christina,Rees,0
Christine Jardine,Christine,Jardine,ChristineJardine,Christine,Jardine,0
Christopher Chope,Christopher,Chope,ChristopherChope,Christopher,Chope,0
Christopher Elmore,Christopher,Elmore,ChristopherElmore,Christopher,Elmore,0
Christopher Pincher,Christopher,Pincher,ChristopherPincher,Christopher,Pincher,0
Claire Coutinho,Claire,Coutinho,ClaireCoutinho,Claire,Coutinho,0
Claire Hanna,Claire,Hanna,ClaireHanna,Claire,Hanna,0
Claudia Webbe,Claudia,Webbe,ClaudiaWebbe,Claudia,Webbe,0
Clive Betts,Clive,Betts,CliveBetts,Clive,Betts,0
Clive Efford,Clive,Efford,CliveEfford,Clive,Efford,0
Clive Lewis,Clive,Lewis,CliveLewis,Clive,Lewis,0
Colleen Fletcher,Colleen,Fletcher,ColleenFletcher,Colleen,Fletcher,0
Colum Eastwood,Colum,Eastwood,ColumEastwood,Colum,Eastwood,0
Conor Burns,Conor,Burns,ConorBurns,Conor,Burns,0
Conor McGinn,Conor,McGinn,ConorMcGinn,Conor,McGinn,0
Craig Mackinlay,Craig,Mackinlay,CraigMackinlay,Craig,Mackinlay,0
Craig Tracey,Craig,Tracey,CraigTracey,Craig,Tracey,0
Craig Whittaker,Craig,Whittaker,CraigWhittaker,Craig,Whittaker,0
Craig Williams,Craig,Williams,CraigWilliams,Craig,Williams,0
Crispin Blunt,Crispin,Blunt,CrispinBlunt,Crispin,Blunt,0
Daisy Cooper,Daisy,Cooper,DaisyCooper,Daisy,Cooper,0
Damian Collins,Damian,Collins,DamianCollins,Damian,Collins,0
Damian Green,Damian,Green,DamianGreen,Damian,Green,0
Damian Hinds,Damian,Hinds,DamianHinds,Damian,Hinds,0
Damien Moore,Damien,Moore,DamienMoore,Damien,Moore,0
Dan Carden,Dan,Carden,DanCarden,Dan,Carden,0
Dan Jarvis,Dan,Jarvis,DanJarvis,Dan,Jarvis,0
Dan Poulter,Dan,Poulter,DanPoulter,Dan,Poulter,0
Daniel Kawczynski,Daniel,Kawczynski,DanielKawczynski,Daniel,Kawczynski,0
Daniel Zeichner,Daniel,Zeichner,DanielZeichner,Daniel,Zeichner,0
Danny Kruger,Danny,Kruger,DannyKruger,Danny,Kruger,0
Darren Henry,Darren,Henry,DarrenHenry,Darren,Henry,0
Darren Jones,Darren,Jones,DarrenJones,Darren,Jones,0
Dave Doogan,Dave,Doogan,DaveDoogan,Dave,Doogan,0
David Amess,David,Amess,DavidAmess,David,Amess,0
David Davies,David,Davies,DavidDavies,David,Davies,0
David Davis,David,Davis,DavidDavis,David,Davis,0
David Duguid,David,Duguid,DavidDuguid,David,Duguid,0
David Evennett,David,Evennett,DavidEvennett,David,Evennett,0
David Johnston,David,Johnston,DavidJohnston,David,Johnston,0
David Jones,David,Jones,DavidJones,David,Jones,0
David Lammy,David,Lammy,DavidLammy,David,Lammy,0
David Linden,David,Linden,DavidLinden,David,Linden,0
David Morris,David,Morris,DavidMorris,David,Morris,0
David Mundell,David,Mundell,DavidMundell,David,Mundell,0
David Rutley,David,Rutley,DavidRutley,David,Rutley,0
David Simmonds,David,Simmonds,DavidSimmonds,David,Simmonds,0
David Warburton,David,Warburton,DavidWarburton,David,Warburton,0
Dawn Butler,Dawn,Butler,DawnButler,Dawn,Butler,0
Dean Russell,Dean,Russell,DeanRussell,Dean,Russell,0
Debbie Abrahams,Debbie,Abrahams,DebbieAbrahams,Debbie,Abrahams,0
Dehenna Davison,Dehenna,Davison,DehennaDavison,Dehenna,Davison,0
Deidre Brock,Deidre,Brock,DeidreBrock,Deidre,Brock,0
Derek Thomas,Derek,Thomas,DerekThomas,Derek,Thomas,0
Derek Twigg,Derek,Twigg,DerekTwigg,Derek,Twigg,0
Desmond Swayne,Desmond,Swayne,DesmondSwayne,Desmond,Swayne,0
Diana Johnson,Diana,Johnson,DianaJohnson,Diana,Johnson,0
Diane Abbott,Diane,Abbott,DianeAbbott,Diane,Abbott,0
Dominic Raab,Dominic,Raab,DominicRaab,Dominic,Raab,0
Douglas Chapman,Douglas,Chapman,DouglasChapman,Douglas,Chapman,0
Douglas Ross,Douglas,Ross,DouglasRoss,Douglas,Ross,0
Dr Kwasi Kwarteng,Dr Kwasi,Kwarteng,Dr KwasiKwarteng,Dr Kwasi,Kwarteng,0
Drew Hendry,Drew,Hendry,DrewHendry,Drew,Hendry,0
Duncan Baker,Duncan,Baker,DuncanBaker,Duncan,Baker,0
Ed Davey,Ed,Davey,EdDavey,Ed,Davey,0
Ed Miliband,Ed,Miliband,EdMiliband,Ed,Miliband,0
Eddie Hughes,Eddie,Hughes,EddieHughes,Eddie,Hughes,0
Edward Argar,Edward,Argar,EdwardArgar,Edward,Argar,0
Edward Leigh,Edward,Leigh,EdwardLeigh,Edward,Leigh,0
Edward Timpson,Edward,Timpson,EdwardTimpson,Edward,Timpson,0
Eleanor Laing,Eleanor,Laing,EleanorLaing,Eleanor,Laing,0
Elizabeth Truss,Elizabeth,Truss,ElizabethTruss,Elizabeth,Truss,0
Ellie Reeves,Ellie,Reeves,EllieReeves,Ellie,Reeves,0
Elliot Colburn,Elliot,Colburn,ElliotColburn,Elliot,Colburn,0
Emily Thornberry,Emily,Thornberry,EmilyThornberry,Emily,Thornberry,0
Emma Hardy,Emma,Hardy,EmmaHardy,Emma,Hardy,0
Emma Lewell-Buck,Emma,Lewell-Buck,EmmaLewellBuck,Emma,LewellBuck,0
Esther McVey,Esther,McVey,EstherMcVey,Esther,McVey,0
Fabian Hamilton,Fabian,Hamilton,FabianHamilton,Fabian,Hamilton,0
Fay Jones,Fay,Jones,FayJones,Fay,Jones,0
Felicity Buchan,Felicity,Buchan,FelicityBuchan,Felicity,Buchan,0
Feryal Clark,Feryal,Clark,FeryalClark,Feryal,Clark,0
Fiona Bruce,Fiona,Bruce,FionaBruce,Fiona,Bruce,0
Fleur Anderson,Fleur,Anderson,FleurAnderson,Fleur,Anderson,0
Flick Drummond,Flick,Drummond,FlickDrummond,Flick,Drummond,0
Florence Eshalomi,Florence,Eshalomi,FlorenceEshalomi,Florence,Eshalomi,0
Francie Molloy,Francie,Molloy,FrancieMolloy,Francie,Molloy,0
Gagan Mohindra,Gagan,Mohindra,GaganMohindra,Gagan,Mohindra,0
Gareth Bacon,Gareth,Bacon,GarethBacon,Gareth,Bacon,0
Gareth Davies,Gareth,Davies,GarethDavies,Gareth,Davies,0
Gareth Johnson,Gareth,Johnson,GarethJohnson,Gareth,Johnson,0
Gareth Thomas,Gareth,Thomas,GarethThomas,Gareth,Thomas,0
Gary Sambrook,Gary,Sambrook,GarySambrook,Gary,Sambrook,0
Gary Streeter,Gary,Streeter,GaryStreeter,Gary,Streeter,0
Gavin Newlands,Gavin,Newlands,GavinNewlands,Gavin,Newlands,0
Gavin Robinson,Gavin,Robinson,GavinRobinson,Gavin,Robinson,0
Gavin Williamson,Gavin,Williamson,GavinWilliamson,Gavin,Williamson,0
Geoffrey Clifton-Brown,Geoffrey,Clifton-Brown,GeoffreyCliftonBrown,Geoffrey,CliftonBrown,0
Geoffrey Cox,Geoffrey,Cox,GeoffreyCox,Geoffrey,Cox,0
George Eustice,George,Eustice,GeorgeEustice,George,Eustice,0
George Freeman,George,Freeman,GeorgeFreeman,George,Freeman,0
George Howarth,George,Howarth,GeorgeHowarth,George,Howarth,0
Geraint Davies,Geraint,Davies,GeraintDavies,Geraint,Davies,0
Gerald Jones,Gerald,Jones,GeraldJones,Gerald,Jones,0
Giles Watling,Giles,Watling,GilesWatling,Giles,Watling,0
Gill Furniss,Gill,Furniss,GillFurniss,Gill,Furniss,0
Gillian Keegan,Gillian,Keegan,GillianKeegan,Gillian,Keegan,0
Gordon Henderson,Gordon,Henderson,GordonHenderson,Gordon,Henderson,0
Graham Brady,Graham,Brady,GrahamBrady,Graham,Brady,0
Graham Stringer,Graham,Stringer,GrahamStringer,Graham,Stringer,0
Graham Stuart,Graham,Stuart,GrahamStuart,Graham,Stuart,0
Grahame Morris,Grahame,Morris,GrahameMorris,Grahame,Morris,0
Grant Shapps,Grant,Shapps,GrantShapps,Grant,Shapps,0
Greg Clark,Greg,Clark,GregClark,Greg,Clark,0
Greg Hands,Greg,Hands,GregHands,Greg,Hands,0
Greg Knight,Greg,Knight,GregKnight,Greg,Knight,0
Greg Smith,Greg,Smith,GregSmith,Greg,Smith,0
Gregory Campbell,Gregory,Campbell,GregoryCampbell,Gregory,Campbell,0
Guy Opperman,Guy,Opperman,GuyOpperman,Guy,Opperman,0
Hannah Bardell,Hannah,Bardell,HannahBardell,Hannah,Bardell,0
Harriet Harman,Harriet,Harman,HarrietHarman,Harriet,Harman,0
Harriett Baldwin,Harriett,Baldwin,HarriettBaldwin,Harriett,Baldwin,0
Heather Wheeler,Heather,Wheeler,HeatherWheeler,Heather,Wheeler,0
Helen Grant,Helen,Grant,HelenGrant,Helen,Grant,0
Helen Hayes,Helen,Hayes,HelenHayes,Helen,Hayes,0
Helen Morgan,Helen,Morgan,HelenMorgan,Helen,Morgan,0
Helen Whately,Helen,Whately,HelenWhately,Helen,Whately,0
Henry Smith,Henry,Smith,HenrySmith,Henry,Smith,0
Hilary Benn,Hilary,Benn,HilaryBenn,Hilary,Benn,0
Holly Lynch,Holly,Lynch,HollyLynch,Holly,Lynch,0
Holly Mumby-Croft,Holly,Mumby-Croft,HollyMumbyCroft,Holly,MumbyCroft,0
Huw Merriman,Huw,Merriman,HuwMerriman,Huw,Merriman,0
Hywel Williams,Hywel,Williams,HywelWilliams,Hywel,Williams,0
Iain Duncan Smith,Iain Duncan,Smith,IainDuncanSmith,IainDuncan,Smith,0
Iain Stewart,Iain,Stewart,IainStewart,Iain,Stewart,0
Ian Blackford,Ian,Blackford,IanBlackford,Ian,Blackford,0
Ian Byrne,Ian,Byrne,IanByrne,Ian,Byrne,0
Ian Lavery,Ian,Lavery,IanLavery,Ian,Lavery,0
Ian Levy,Ian,Levy,IanLevy,Ian,Levy,0
Ian Liddell-Grainger,Ian,Liddell-Grainger,IanLiddellGrainger,Ian,LiddellGrainger,0
Ian Mearns,Ian,Mearns,IanMearns,Ian,Mearns,0
Ian Murray,Ian,Murray,IanMurray,Ian,Murray,0
Ian Paisley Jr,Ian,Paisley,IanPaisleyJr,Ian,Paisley,0
Imran Ahmad Khan,Imran,Ahmad Khan,ImranAhmadKhan,Imran,AhmadKhan,0
Imran Hussain,Imran,Hussain,ImranHussain,Imran,Hussain,0
Jack Brereton,Jack,Brereton,JackBrereton,Jack,Brereton,0
Jack Dromey,Jack,Dromey,JackDromey,Jack,Dromey,0
Jack Lopresti,Jack,Lopresti,JackLopresti,Jack,Lopresti,0
Jackie Doyle-Price,Jackie,Doyle-Price,JackieDoylePrice,Jackie,DoylePrice,0
Jacob Rees-Mogg,Jacob,Rees-Mogg,JacobReesMogg,Jacob,ReesMogg,0
Jacob Young,Jacob,Young,JacobYoung,Jacob,Young,0
Jake Berry,Jake,Berry,JakeBerry,Jake,Berry,0
James Brokenshire,James,Brokenshire,JamesBrokenshire,James,Brokenshire,0
James Cartlidge,James,Cartlidge,JamesCartlidge,James,Cartlidge,0
James Cleverly,James,Cleverly,JamesCleverly,James,Cleverly,0
James Daly,James,Daly,JamesDaly,James,Daly,0
James Davies,James,Davies,JamesDavies,James,Davies,0
James Duddridge,James,Duddridge,JamesDuddridge,James,Duddridge,0
James Gray,James,Gray,JamesGray,James,Gray,0
James Grundy,James,Grundy,JamesGrundy,James,Grundy,0
James Heappey,James,Heappey,JamesHeappey,James,Heappey,0
James Morris,James,Morris,JamesMorris,James,Morris,0
James Murray,James,Murray,JamesMurray,James,Murray,0
James Sunderland,James,Sunderland,JamesSunderland,James,Sunderland,0
James Wild,James,Wild,JamesWild,James,Wild,0
Jamie Stone,Jamie,Stone,JamieStone,Jamie,Stone,0
Jamie Wallis,Jamie,Wallis,JamieWallis,Jamie,Wallis,0
Jane Hunt,Jane,Hunt,JaneHunt,Jane,Hunt,0
Jane Stevenson,Jane,Stevenson,JaneStevenson,Jane,Stevenson,0
Janet Daby,Janet,Daby,JanetDaby,Janet,Daby,0
Jason McCartney,Jason,McCartney,JasonMcCartney,Jason,McCartney,0
Jeff Smith,Jeff,Smith,JeffSmith,Jeff,Smith,0
Jeffrey Donaldson,Jeffrey,Donaldson,JeffreyDonaldson,Jeffrey,Donaldson,0
Jeremy Corbyn,Jeremy,Corbyn,JeremyCorbyn,Jeremy,Corbyn,0
Jeremy Hunt,Jeremy,Hunt,JeremyHunt,Jeremy,Hunt,0
Jeremy Quin,Jeremy,Quin,JeremyQuin,Jeremy,Quin,0
Jeremy Wright,Jeremy,Wright,JeremyWright,Jeremy,Wright,0
Jerome Mayhew,Jerome,Mayhew,JeromeMayhew,Jerome,Mayhew,0
Jess Phillips,Jess,Phillips,JessPhillips,Jess,Phillips,0
Jesse Norman,Jesse,Norman,JesseNorman,Jesse,Norman,0
Jessica Morden,Jessica,Morden,JessicaMorden,Jessica,Morden,0
Jill Mortimer,Jill,Mortimer,JillMortimer,Jill,Mortimer,0
Jim McMahon,Jim,McMahon,JimMcMahon,Jim,McMahon,0
Jim Shannon,Jim,Shannon,JimShannon,Jim,Shannon,0
Jo Churchill,Jo,Churchill,JoChurchill,Jo,Churchill,0
Jo Gideon,Jo,Gideon,JoGideon,Jo,Gideon,0
Jo Stevens,Jo,Stevens,JoStevens,Jo,Stevens,0
Joanna Cherry,Joanna,Cherry,JoannaCherry,Joanna,Cherry,0
John Baron,John,Baron,JohnBaron,John,Baron,0
John Cryer,John,Cryer,JohnCryer,John,Cryer,0
John Finucane,John,Finucane,JohnFinucane,John,Finucane,0
John Glen,John,Glen,JohnGlen,John,Glen,0
John Hayes,John,Hayes,JohnHayes,John,Hayes,0
John Healey,John,Healey,JohnHealey,John,Healey,0
John Howell,John,Howell,JohnHowell,John,Howell,0
John Lamont,John,Lamont,JohnLamont,John,Lamont,0
John McDonnell,John,McDonnell,JohnMcDonnell,John,McDonnell,0
John McNally,John,McNally,JohnMcNally,John,McNally,0
John Nicolson,John,Nicolson,JohnNicolson,John,Nicolson,0
John Penrose,John,Penrose,JohnPenrose,John,Penrose,0
John Redwood,John,Redwood,JohnRedwood,John,Redwood,0
John Spellar,John,Spellar,JohnSpellar,John,Spellar,0
John Stevenson,John,Stevenson,JohnStevenson,John,Stevenson,0
John Whittingdale,John,Whittingdale,JohnWhittingdale,John,Whittingdale,0
Johnny Mercer,Johnny,Mercer,JohnnyMercer,Johnny,Mercer,0
Jon Cruddas,Jon,Cruddas,JonCruddas,Jon,Cruddas,0
Jon Trickett,Jon,Trickett,JonTrickett,Jon,Trickett,0
Jonathan Ashworth,Jonathan,Ashworth,JonathanAshworth,Jonathan,Ashworth,0
Jonathan Djanogly,Jonathan,Djanogly,JonathanDjanogly,Jonathan,Djanogly,0
Jonathan Edwards,Jonathan,Edwards,JonathanEdwards,Jonathan,Edwards,0
Jonathan Gullis,Jonathan,Gullis,JonathanGullis,Jonathan,Gullis,0
Jonathan Lord,Jonathan,Lord,JonathanLord,Jonathan,Lord,0
Jonathan Reynolds,Jonathan,Reynolds,JonathanReynolds,Jonathan,Reynolds,0
Joy Morrissey,Joy,Morrissey,JoyMorrissey,Joy,Morrissey,0
Judith Cummins,Judith,Cummins,JudithCummins,Judith,Cummins,0
Julia Lopez,Julia,Lopez,JuliaLopez,Julia,Lopez,0
Julian Knight,Julian,Knight,JulianKnight,Julian,Knight,0
Julian Lewis,Julian,Lewis,JulianLewis,Julian,Lewis,0
Julian Smith,Julian,Smith,JulianSmith,Julian,Smith,0
Julian Sturdy,Julian,Sturdy,JulianSturdy,Julian,Sturdy,0
Julie Elliott,Julie,Elliott,JulieElliott,Julie,Elliott,0
Julie Marson,Julie,Marson,JulieMarson,Julie,Marson,0
Justin Madders,Justin,Madders,JustinMadders,Justin,Madders,0
Justin Tomlinson,Justin,Tomlinson,JustinTomlinson,Justin,Tomlinson,0
Karen Bradley,Karen,Bradley,KarenBradley,Karen,Bradley,0
Karen Buck,Karen,Buck,KarenBuck,Karen,Buck,0
Karin Smyth,Karin,Smyth,KarinSmyth,Karin,Smyth,0
Karl McCartney,Karl,McCartney,KarlMcCartney,Karl,McCartney,0
Karl Turner,Karl,Turner,KarlTurner,Karl,Turner,0
Kate Green,Kate,Green,KateGreen,Kate,Green,0
Kate Griffiths,Kate,Griffiths,KateGriffiths,Kate,Griffiths,0
Kate Hollern,Kate,Hollern,KateHollern,Kate,Hollern,0
Kate Osamor,Kate,Osamor,KateOsamor,Kate,Osamor,0
Kate Osborne,Kate,Osborne,KateOsborne,Kate,Osborne,0
Katherine Fletcher,Katherine,Fletcher,KatherineFletcher,Katherine,Fletcher,0
Keir Starmer,Keir,Starmer,KeirStarmer,Keir,Starmer,0
Kelly Tolhurst,Kelly,Tolhurst,KellyTolhurst,Kelly,Tolhurst,0
Kemi Badenoch,Kemi,Badenoch,KemiBadenoch,Kemi,Badenoch,0
Kenny MacAskill,Kenny,MacAskill,KennyMacAskill,Kenny,MacAskill,0
Kerry McCarthy,Kerry,McCarthy,KerryMcCarthy,Kerry,McCarthy,0
Kevan Jones,Kevan,Jones,KevanJones,Kevan,Jones,0
Kevin Brennan,Kevin,Brennan,KevinBrennan,Kevin,Brennan,0
Kevin Foster,Kevin,Foster,KevinFoster,Kevin,Foster,0
Kevin Hollinrake,Kevin,Hollinrake,KevinHollinrake,Kevin,Hollinrake,0
Khalid Mahmood,Khalid,Mahmood,KhalidMahmood,Khalid,Mahmood,0
Kieran Mullan,Kieran,Mullan,KieranMullan,Kieran,Mullan,0
Kim Johnson,Kim,Johnson,KimJohnson,Kim,Johnson,0
Kim Leadbeater,Kim,Leadbeater,KimLeadbeater,Kim,Leadbeater,0
Kirsten Oswald,Kirsten,Oswald,KirstenOswald,Kirsten,Oswald,0
Kirsty Blackman,Kirsty,Blackman,KirstyBlackman,Kirsty,Blackman,0
Kit Malthouse,Kit,Malthouse,KitMalthouse,Kit,Malthouse,0
Laura Farris,Laura,Farris,LauraFarris,Laura,Farris,0
Laura Trott,Laura,Trott,LauraTrott,Laura,Trott,0
Laurence Robertson,Laurence,Robertson,LaurenceRobertson,Laurence,Robertson,0
Layla Moran,Layla,Moran,LaylaMoran,Layla,Moran,0
Lee Anderson,Lee,Anderson,LeeAnderson,Lee,Anderson,0
Lee Rowley,Lee,Rowley,LeeRowley,Lee,Rowley,0
Leo Docherty,Leo,Docherty,LeoDocherty,Leo,Docherty,0
Lia Nici,Lia,Nici,LiaNici,Lia,Nici,0
Liam Byrne,Liam,Byrne,LiamByrne,Liam,Byrne,0
Liam Fox,Liam,Fox,LiamFox,Liam,Fox,0
Lilian Greenwood,Lilian,Greenwood,LilianGreenwood,Lilian,Greenwood,0
Lindsay Hoyle,Lindsay,Hoyle,LindsayHoyle,Lindsay,Hoyle,0
Lisa Cameron,Lisa,Cameron,LisaCameron,Lisa,Cameron,0
Lisa Nandy,Lisa,Nandy,LisaNandy,Lisa,Nandy,0
Liz Kendall,Liz,Kendall,LizKendall,Liz,Kendall,0
Liz Saville Roberts,Liz,Saville Roberts,LizSavilleRoberts,Liz,SavilleRoberts,0
Liz Twist,Liz,Twist,LizTwist,Liz,Twist,0
Lloyd Russell-Moyle,Lloyd,Russell-Moyle,LloydRussellMoyle,Lloyd,RussellMoyle,0
Louie French,Louie,French,LouieFrench,Louie,French,0
Louise Haigh,Louise,Haigh,LouiseHaigh,Louise,Haigh,0
Lucy Allan,Lucy,Allan,LucyAllan,Lucy,Allan,0
Lucy Frazer,Lucy,Frazer,LucyFrazer,Lucy,Frazer,0
Lucy Powell,Lucy,Powell,LucyPowell,Lucy,Powell,0
Luke Evans,Luke,Evans,LukeEvans,Luke,Evans,0
Luke Hall,Luke,Hall,LukeHall,Luke,Hall,0
Luke Pollard,Luke,Pollard,LukePollard,Luke,Pollard,0
Lyn Brown,Lyn,Brown,LynBrown,Lyn,Brown,0
Maggie Throup,Maggie,Throup,MaggieThroup,Maggie,Throup,0
Marco Longhi,Marco,Longhi,MarcoLonghi,Marco,Longhi,0
Marcus Fysh,Marcus,Fysh,MarcusFysh,Marcus,Fysh,0
Marcus Jones,Marcus,Jones,MarcusJones,Marcus,Jones,0
Margaret Beckett,Margaret,Beckett,MargaretBeckett,Margaret,Beckett,0
Margaret Ferrier,Margaret,Ferrier,MargaretFerrier,Margaret,Ferrier,0
Margaret Greenwood,Margaret,Greenwood,MargaretGreenwood,Margaret,Greenwood,0
Margaret Hodge,Margaret,Hodge,MargaretHodge,Margaret,Hodge,0
Maria Caulfield,Maria,Caulfield,MariaCaulfield,Maria,Caulfield,0
Maria Eagle,Maria,Eagle,MariaEagle,Maria,Eagle,0
Maria Miller,Maria,Miller,MariaMiller,Maria,Miller,0
Marie Rimmer,Marie,Rimmer,MarieRimmer,Marie,Rimmer,0
Marion Fellows,Marion,Fellows,MarionFellows,Marion,Fellows,0
Mark Eastwood,Mark,Eastwood,MarkEastwood,Mark,Eastwood,0
Mark Fletcher,Mark,Fletcher,MarkFletcher,Mark,Fletcher,0
Mark Francois,Mark,Francois,MarkFrancois,Mark,Francois,0
Mark Garnier,Mark,Garnier,MarkGarnier,Mark,Garnier,0
Mark Harper,Mark,Harper,MarkHarper,Mark,Harper,0
Mark Hendrick,Mark,Hendrick,MarkHendrick,Mark,Hendrick,0
Mark Jenkinson,Mark,Jenkinson,MarkJenkinson,Mark,Jenkinson,0
Mark Logan,Mark,Logan,MarkLogan,Mark,Logan,0
Mark Menzies,Mark,Menzies,MarkMenzies,Mark,Menzies,0
Mark Pawsey,Mark,Pawsey,MarkPawsey,Mark,Pawsey,0
Mark Pritchard,Mark,Pritchard,MarkPritchard,Mark,Pritchard,0
Mark Spencer,Mark,Spencer,MarkSpencer,Mark,Spencer,0
Mark Tami,Mark,Tami,MarkTami,Mark,Tami,0
Marsha de Cordova,Marsha,de Cordova,MarshadeCordova,Marsha,deCordova,0
Martin Docherty-Hughes,Martin,Docherty-Hughes,MartinDochertyHughes,Martin,DochertyHughes,0
Martin Vickers,Martin,Vickers,MartinVickers,Martin,Vickers,0
Martyn Day,Martyn,Day,MartynDay,Martyn,Day,0
Mary Foy,Mary,Foy,MaryFoy,Mary,Foy,0
Mary Glindon,Mary,Glindon,MaryGlindon,Mary,Glindon,0
Mary Robinson,Mary,Robinson,MaryRobinson,Mary,Robinson,0
Matt Hancock,Matt,Hancock,MattHancock,Matt,Hancock,0
Matt Rodda,Matt,Rodda,MattRodda,Matt,Rodda,0
Matt Vickers,Matt,Vickers,MattVickers,Matt,Vickers,0
Matt Warman,Matt,Warman,MattWarman,Matt,Warman,0
Matt Western,Matt,Western,MattWestern,Matt,Western,0
Matthew Offord,Matthew,Offord,MatthewOfford,Matthew,Offord,0
Matthew Pennycook,Matthew,Pennycook,MatthewPennycook,Matthew,Pennycook,0
Meg Hillier,Meg,Hillier,MegHillier,Meg,Hillier,0
Mel Stride,Mel,Stride,MelStride,Mel,Stride,0
Mhairi Black,Mhairi,Black,MhairiBlack,Mhairi,Black,0
Michael Ellis,Michael,Ellis,MichaelEllis,Michael,Ellis,0
Michael Fabricant,Michael,Fabricant,MichaelFabricant,Michael,Fabricant,0
Michael Gove,Michael,Gove,MichaelGove,Michael,Gove,0
Michael Tomlinson-Mynors,Michael,Tomlinson-Mynors,MichaelTomlinsonMynors,Michael,TomlinsonMynors,0
Michelle Donelan,Michelle,Donelan,MichelleDonelan,Michelle,Donelan,0
Michelle Gildernew,Michelle,Gildernew,MichelleGildernew,Michelle,Gildernew,0
Mick Whitley,Mick,Whitley,MickWhitley,Mick,Whitley,0
Mickey Brady,Mickey,Brady,MickeyBrady,Mickey,Brady,0
Mike Amesbury,Mike,Amesbury,MikeAmesbury,Mike,Amesbury,0
Mike Freer,Mike,Freer,MikeFreer,Mike,Freer,0
Mike Hill,Mike,Hill,MikeHill,Mike,Hill,0
Mike Kane,Mike,Kane,MikeKane,Mike,Kane,0
Mike Penning,Mike,Penning,MikePenning,Mike,Penning,0
Mike Wood,Mike,Wood,MikeWood,Mike,Wood,0
Mims Davies,Mims,Davies,MimsDavies,Mims,Davies,0
Miriam Cates,Miriam,Cates,MiriamCates,Miriam,Cates,0
Mohammad Yasin,Mohammad,Yasin,MohammadYasin,Mohammad,Yasin,0
Munira Wilson,Munira,Wilson,MuniraWilson,Munira,Wilson,0
Nadhim Zahawi,Nadhim,Zahawi,NadhimZahawi,Nadhim,Zahawi,0
Nadia Whittome,Nadia,Whittome,NadiaWhittome,Nadia,Whittome,0
Nadine Dorries,Nadine,Dorries,NadineDorries,Nadine,Dorries,0
Natalie Elphicke,Natalie,Elphicke,NatalieElphicke,Natalie,Elphicke,0
Navendu Mishra,Navendu,Mishra,NavenduMishra,Navendu,Mishra,0
Naz Shah,Naz,Shah,NazShah,Naz,Shah,0
Neale Hanvey,Neale,Hanvey,NealeHanvey,Neale,Hanvey,0
Neil Coyle,Neil,Coyle,NeilCoyle,Neil,Coyle,0
Neil Gray,Neil,Gray,NeilGray,Neil,Gray,0
Neil Hudson,Neil,Hudson,NeilHudson,Neil,Hudson,0
Neil O'Brien,Neil,O'Brien,NeilOBrien,Neil,OBrien,0
Neil Parish,Neil,Parish,NeilParish,Neil,Parish,0
Nia Griffith,Nia,Griffith,NiaGriffith,Nia,Griffith,0
Nick Brown,Nick,Brown,NickBrown,Nick,Brown,0
Nick Fletcher,Nick,Fletcher,NickFletcher,Nick,Fletcher,0
Nick Gibb,Nick,Gibb,NickGibb,Nick,Gibb,0
Nick Smith,Nick,Smith,NickSmith,Nick,Smith,0
Nick Thomas-Symonds,Nick,Thomas-Symonds,NickThomasSymonds,Nick,ThomasSymonds,0
Nickie Aiken,Nickie,Aiken,NickieAiken,Nickie,Aiken,0
Nicola Richards,Nicola,Richards,NicolaRichards,Nicola,Richards,0
Nigel Adams,Nigel,Adams,NigelAdams,Nigel,Adams,0
Nigel Evans,Nigel,Evans,NigelEvans,Nigel,Evans,0
Nigel Huddleston,Nigel,Huddleston,NigelHuddleston,Nigel,Huddleston,0
Nigel Mills,Nigel,Mills,NigelMills,Nigel,Mills,0
Nus Ghani,Nus,Ghani,NusGhani,Nus,Ghani,0
Oliver Dowden,Oliver,Dowden,OliverDowden,Oliver,Dowden,0
Oliver Heald,Oliver,Heald,OliverHeald,Oliver,Heald,0
Olivia Blake,Olivia,Blake,OliviaBlake,Olivia,Blake,0
Órfhlaith Begley,Órfhlaith,Begley,OrfhlaithBegley,orfhlaith,Begley,0
Owen Paterson,Owen,Paterson,OwenPaterson,Owen,Paterson,0
Owen Thompson,Owen,Thompson,OwenThompson,Owen,Thompson,0
Pat McFadden,Pat,McFadden,PatMcFadden,Pat,McFadden,0
Patricia Gibson,Patricia,Gibson,PatriciaGibson,Patricia,Gibson,0
Patrick Grady,Patrick,Grady,PatrickGrady,Patrick,Grady,0
Paul Beresford,Paul,Beresford,PaulBeresford,Paul,Beresford,0
Paul Blomfield,Paul,Blomfield,PaulBlomfield,Paul,Blomfield,0
Paul Bristow,Paul,Bristow,PaulBristow,Paul,Bristow,0
Paul Girvan,Paul,Girvan,PaulGirvan,Paul,Girvan,0
Paul Holmes,Paul,Holmes,PaulHolmes,Paul,Holmes,0
Paul Howell,Paul,Howell,PaulHowell,Paul,Howell,0
Paul Maskey,Paul,Maskey,PaulMaskey,Paul,Maskey,0
Paul Maynard,Paul,Maynard,PaulMaynard,Paul,Maynard,0
Paul Scully,Paul,Scully,PaulScully,Paul,Scully,0
Paula Barker,Paula,Barker,PaulaBarker,Paula,Barker,0
Pauline Latham,Pauline,Latham,PaulineLatham,Pauline,Latham,0
Penny Mordaunt,Penny,Mordaunt,PennyMordaunt,Penny,Mordaunt,0
Pete Wishart,Pete,Wishart,PeteWishart,Pete,Wishart,0
Peter Aldous,Peter,Aldous,PeterAldous,Peter,Aldous,0
Peter Bone,Peter,Bone,PeterBone,Peter,Bone,0
Peter Bottomley,Peter,Bottomley,PeterBottomley,Peter,Bottomley,0
Peter Dowd,Peter,Dowd,PeterDowd,Peter,Dowd,0
Peter Gibson,Peter,Gibson,PeterGibson,Peter,Gibson,0
Peter Grant,Peter,Grant,PeterGrant,Peter,Grant,0
Peter Kyle,Peter,Kyle,PeterKyle,Peter,Kyle,0
Philip Davies,Philip,Davies,PhilipDavies,Philip,Davies,0
Philip Dunne,Philip,Dunne,PhilipDunne,Philip,Dunne,0
Philip Hollobone,Philip,Hollobone,PhilipHollobone,Philip,Hollobone,0
Philippa Whitford,Philippa,Whitford,PhilippaWhitford,Philippa,Whitford,0
Preet Gill,Preet,Gill,PreetGill,Preet,Gill,0
Priti Patel,Priti,Patel,PritiPatel,Priti,Patel,0
Rachael Maskell,Rachael,Maskell,RachaelMaskell,Rachael,Maskell,0
Rachel Hopkins,Rachel,Hopkins,RachelHopkins,Rachel,Hopkins,0
Rachel Maclean,Rachel,Maclean,RachelMaclean,Rachel,Maclean,0
Rachel Reeves,Rachel,Reeves,RachelReeves,Rachel,Reeves,0
Ranil Jayawardena,Ranil,Jayawardena,RanilJayawardena,Ranil,Jayawardena,0
Rebecca Harris,Rebecca,Harris,RebeccaHarris,Rebecca,Harris,0
Rebecca Long-Bailey,Rebecca,Long-Bailey,RebeccaLongBailey,Rebecca,LongBailey,0
Rebecca Pow,Rebecca,Pow,RebeccaPow,Rebecca,Pow,0
Rehman Chishti,Rehman,Chishti,RehmanChishti,Rehman,Chishti,0
Richard Bacon,Richard,Bacon,RichardBacon,Richard,Bacon,0
Richard Burgon,Richard,Burgon,RichardBurgon,Richard,Burgon,0
Richard Drax,Richard,Drax,RichardDrax,Richard,Drax,0
Richard Fuller,Richard,Fuller,RichardFuller,Richard,Fuller,0
Richard Graham,Richard,Graham,RichardGraham,Richard,Graham,0
Richard Holden,Richard,Holden,RichardHolden,Richard,Holden,0
Richard Thomson,Richard,Thomson,RichardThomson,Richard,Thomson,0
Rishi Sunak,Rishi,Sunak,RishiSunak,Rishi,Sunak,0
Rob Butler,Rob,Butler,RobButler,Rob,Butler,0
Rob Roberts,Rob,Roberts,RobRoberts,Rob,Roberts,0
Robbie Moore,Robbie,Moore,RobbieMoore,Robbie,Moore,0
Robert Buckland,Robert,Buckland,RobertBuckland,Robert,Buckland,0
Robert Courts,Robert,Courts,RobertCourts,Robert,Courts,0
Robert Goodwill,Robert,Goodwill,RobertGoodwill,Robert,Goodwill,0
Robert Halfon,Robert,Halfon,RobertHalfon,Robert,Halfon,0
Robert Jenrick,Robert,Jenrick,RobertJenrick,Robert,Jenrick,0
Robert Largan,Robert,Largan,RobertLargan,Robert,Largan,0
Robert Syms,Robert,Syms,RobertSyms,Robert,Syms,0
Robin Millar,Robin,Millar,RobinMillar,Robin,Millar,0
Robin Walker,Robin,Walker,RobinWalker,Robin,Walker,0
Roger Gale,Roger,Gale,RogerGale,Roger,Gale,0
Ronnie Cowan,Ronnie,Cowan,RonnieCowan,Ronnie,Cowan,0
Rosena Allin-Khan,Rosena,Allin-Khan,RosenaAllinKhan,Rosena,AllinKhan,0
Rosie Cooper,Rosie,Cooper,RosieCooper,Rosie,Cooper,0
Rosie Duffield,Rosie,Duffield,RosieDuffield,Rosie,Duffield,0
Rosie Winterton,Rosie,Winterton,RosieWinterton,Rosie,Winterton,0
Royston Smith,Royston,Smith,RoystonSmith,Royston,Smith,0
Rupa Huq,Rupa,Huq,RupaHuq,Rupa,Huq,0
Rushanara Ali,Rushanara,Ali,RushanaraAli,Rushanara,Ali,0
Ruth Cadbury,Ruth,Cadbury,RuthCadbury,Ruth,Cadbury,0
Ruth Edwards,Ruth,Edwards,RuthEdwards,Ruth,Edwards,0
Ruth Jones,Ruth,Jones,RuthJones,Ruth,Jones,0
Sajid Javid,Sajid,Javid,SajidJavid,Sajid,Javid,0
Sally-Ann Hart,Sally-Ann,Hart,SallyAnnHart,SallyAnn,Hart,0
Sam Tarry,Sam,Tarry,SamTarry,Sam,Tarry,0
Sammy Wilson,Sammy,Wilson,SammyWilson,Sammy,Wilson,0
Saqib Bhatti,Saqib,Bhatti,SaqibBhatti,Saqib,Bhatti,0
Sara Britcliffe,Sara,Britcliffe,SaraBritcliffe,Sara,Britcliffe,0
Sarah Atherton,Sarah,Atherton,SarahAtherton,Sarah,Atherton,0
Sarah Champion,Sarah,Champion,SarahChampion,Sarah,Champion,0
Sarah Dines,Sarah,Dines,SarahDines,Sarah,Dines,0
Sarah Green,Sarah,Green,SarahGreen,Sarah,Green,0
Sarah Jones,Sarah,Jones,SarahJones,Sarah,Jones,0
Sarah Olney,Sarah,Olney,SarahOlney,Sarah,Olney,0
Sarah Owen,Sarah,Owen,SarahOwen,Sarah,Owen,0
Scott Benton,Scott,Benton,ScottBenton,Scott,Benton,0
Scott Mann,Scott,Mann,ScottMann,Scott,Mann,0
Seema Malhotra,Seema,Malhotra,SeemaMalhotra,Seema,Malhotra,0
Selaine Saxby,Selaine,Saxby,SelaineSaxby,Selaine,Saxby,0
Shabana Mahmood,Shabana,Mahmood,ShabanaMahmood,Shabana,Mahmood,0
Shailesh Vara,Shailesh,Vara,ShaileshVara,Shailesh,Vara,0
Sharon Hodgson,Sharon,Hodgson,SharonHodgson,Sharon,Hodgson,0
Shaun Bailey,Shaun,Bailey,ShaunBailey,Shaun,Bailey,0
Sheryll Murray,Sheryll,Murray,SheryllMurray,Sheryll,Murray,0
Simon Baynes,Simon,Baynes,SimonBaynes,Simon,Baynes,0
Simon Clarke,Simon,Clarke,SimonClarke,Simon,Clarke,0
Simon Fell,Simon,Fell,SimonFell,Simon,Fell,0
Simon Hart,Simon,Hart,SimonHart,Simon,Hart,0
Simon Hoare,Simon,Hoare,SimonHoare,Simon,Hoare,0
Simon Jupp,Simon,Jupp,SimonJupp,Simon,Jupp,0
Siobhain McDonagh,Siobhain,McDonagh,SiobhainMcDonagh,Siobhain,McDonagh,0
Siobhan Baillie,Siobhan,Baillie,SiobhanBaillie,Siobhan,Baillie,0
Stella Creasy,Stella,Creasy,StellaCreasy,Stella,Creasy,0
Stephanie Peacock,Stephanie,Peacock,StephaniePeacock,Stephanie,Peacock,0
Stephen Crabb,Stephen,Crabb,StephenCrabb,Stephen,Crabb,0
Stephen Doughty,Stephen,Doughty,StephenDoughty,Stephen,Doughty,0
Stephen Farry,Stephen,Farry,StephenFarry,Stephen,Farry,0
Stephen Flynn,Stephen,Flynn,StephenFlynn,Stephen,Flynn,0
Stephen Hammond,Stephen,Hammond,StephenHammond,Stephen,Hammond,0
Stephen Kinnock,Stephen,Kinnock,StephenKinnock,Stephen,Kinnock,0
Stephen McPartland,Stephen,McPartland,StephenMcPartland,Stephen,McPartland,0
Stephen Metcalfe,Stephen,Metcalfe,StephenMetcalfe,Stephen,Metcalfe,0
Stephen Morgan,Stephen,Morgan,StephenMorgan,Stephen,Morgan,0
Stephen Timms,Stephen,Timms,StephenTimms,Stephen,Timms,0
Steve Baker,Steve,Baker,SteveBaker,Steve,Baker,0
Steve Barclay,Steve,Barclay,SteveBarclay,Steve,Barclay,0
Steve Brine,Steve,Brine,SteveBrine,Steve,Brine,0
Steve Double,Steve,Double,SteveDouble,Steve,Double,0
Steve McCabe,Steve,McCabe,SteveMcCabe,Steve,McCabe,0
Steve Reed,Steve,Reed,SteveReed,Steve,Reed,0
Steven Bonnar,Steven,Bonnar,StevenBonnar,Steven,Bonnar,0
Stewart Hosie,Stewart,Hosie,StewartHosie,Stewart,Hosie,0
Stewart McDonald,Stewart,McDonald,StewartMcDonald,Stewart,McDonald,0
Stuart Anderson,Stuart,Anderson,StuartAnderson,Stuart,Anderson,0
Stuart Andrew,Stuart,Andrew,StuartAndrew,Stuart,Andrew,0
Stuart McDonald,Stuart,McDonald,StuartMcDonald,Stuart,McDonald,0
Suella Braverman,Suella,Braverman,SuellaBraverman,Suella,Braverman,0
Suzanne Webb,Suzanne,Webb,SuzanneWebb,Suzanne,Webb,0
Tahir Ali,Tahir,Ali,TahirAli,Tahir,Ali,0
Taiwo Owatemi,Taiwo,Owatemi,TaiwoOwatemi,Taiwo,Owatemi,0
Tan Dhesi,Tan,Dhesi,TanDhesi,Tan,Dhesi,0
Thangam Debbonaire,Thangam,Debbonaire,ThangamDebbonaire,Thangam,Debbonaire,0
Theo Clarke,Theo,Clarke,TheoClarke,Theo,Clarke,0
Theresa May,Theresa,May,TheresaMay,Theresa,May,0
Theresa Villiers,Theresa,Villiers,TheresaVilliers,Theresa,Villiers,0
Therese Coffey,Therese,Coffey,ThereseCoffey,Therese,Coffey,0
Tim Farron,Tim,Farron,TimFarron,Tim,Farron,0
Tim Loughton,Tim,Loughton,TimLoughton,Tim,Loughton,0
Tobias Ellwood,Tobias,Ellwood,TobiasEllwood,Tobias,Ellwood,0
Toby Perkins,Toby,Perkins,TobyPerkins,Toby,Perkins,0
Tom Hunt,Tom,Hunt,TomHunt,Tom,Hunt,0
Tom Pursglove,Tom,Pursglove,TomPursglove,Tom,Pursglove,0
Tom Randall,Tom,Randall,TomRandall,Tom,Randall,0
Tom Tugendhat,Tom,Tugendhat,TomTugendhat,Tom,Tugendhat,0
Tommy Sheppard,Tommy,Sheppard,TommySheppard,Tommy,Sheppard,0
Tonia Antoniazzi,Tonia,Antoniazzi,ToniaAntoniazzi,Tonia,Antoniazzi,0
Tony Lloyd,Tony,Lloyd,TonyLloyd,Tony,Lloyd,0
Tracey Crouch,Tracey,Crouch,TraceyCrouch,Tracey,Crouch,0
Tracy Brabin,Tracy,Brabin,TracyBrabin,Tracy,Brabin,0
Trudy Harrison,Trudy,Harrison,TrudyHarrison,Trudy,Harrison,0
Tulip Siddiq,Tulip,Siddiq,TulipSiddiq,Tulip,Siddiq,0
Valerie Vaz,Valerie,Vaz,ValerieVaz,Valerie,Vaz,0
Vicky Ford,Vicky,Ford,VickyFord,Vicky,Ford,0
Vicky Foxcroft,Vicky,Foxcroft,VickyFoxcroft,Vicky,Foxcroft,0
Victoria Atkins,Victoria,Atkins,VictoriaAtkins,Victoria,Atkins,0
Victoria Prentis,Victoria,Prentis,VictoriaPrentis,Victoria,Prentis,0
Virendra Sharma,Virendra,Sharma,VirendraSharma,Virendra,Sharma,0
Virginia Crosbie,Virginia,Crosbie,VirginiaCrosbie,Virginia,Crosbie,0
Wayne David,Wayne,David,WayneDavid,Wayne,David,0
Wendy Chamberlain,Wendy,Chamberlain,WendyChamberlain,Wendy,Chamberlain,0
Wendy Morton,Wendy,Morton,WendyMorton,Wendy,Morton,0
Wera Hobhouse,Wera,Hobhouse,WeraHobhouse,Wera,Hobhouse,0
Wes Streeting,Wes,Streeting,WesStreeting,Wes,Streeting,0
Will Quince,Will,Quince,WillQuince,Will,Quince,0
William Wragg,William,Wragg,WilliamWragg,William,Wragg,0
Yasmin Qureshi,Yasmin,Qureshi,YasminQureshi,Yasmin,Qureshi,0
Yvette Cooper,Yvette,Cooper,YvetteCooper,Yvette,Cooper,0
Yvonne Fovargue,Yvonne,Fovargue,YvonneFovargue,Yvonne,Fovargue,0
Zarah Sultana,Zarah,Sultana,ZarahSultana,Zarah,Sultana,0